Position_x,Name + ID,Name,Id,Position,Salary,Game Info,TeamAbbrev,AvgPointsPerGame,Name_y,Position_y,Team,ProjPts,ProjOwn,merge_time
WR,Ja'Marr Chase (36784453),Ja'Marr Chase,36784453,WR/FLEX,8600,PIT@CIN 12/01/2024 01:00PM ET,CIN,23.7,Ja'Marr Chase,WR,Bengals,19.15,4.5,2024-11-29 19:13:43
RB,Saquon Barkley (36784243),Saquon Barkley,36784243,RB/FLEX,8500,PHI@BAL 12/01/2024 04:25PM ET,PHI,26.17,Saquon Barkley,RB,Eagles,19.79,8.6,2024-11-29 19:13:43
WR,A.J. Brown (36784455),A.J. Brown,36784455,WR/FLEX,8300,PHI@BAL 12/01/2024 04:25PM ET,PHI,18.46,A.J. Brown,WR,Eagles,17.12,7.6,2024-11-29 19:13:43
WR,Justin Jefferson (36784457),Justin Jefferson,36784457,WR/FLEX,8100,ARI@MIN 12/01/2024 01:00PM ET,MIN,17.74,Justin Jefferson,WR,Vikings,19.93,9.3,2024-11-29 19:13:43
RB,Joe Mixon (36784245),Joe Mixon,36784245,RB/FLEX,8000,HOU@JAX 12/01/2024 01:00PM ET,HOU,23.13,Joe Mixon,RB,Texans,21.27,11.1,2024-11-29 19:13:43
QB,Lamar Jackson (36784177),Lamar Jackson,36784177,QB,8000,PHI@BAL 12/01/2024 04:25PM ET,BAL,26.0,Lamar Jackson,QB,Ravens,21.37,1.4,2024-11-29 19:13:43
WR,Nico Collins (36784459),Nico Collins,36784459,WR/FLEX,7900,HOU@JAX 12/01/2024 01:00PM ET,HOU,20.76,Nico Collins,WR,Texans,21.17,12.5,2024-11-29 19:13:43
RB,Derrick Henry (36784247),Derrick Henry,36784247,RB/FLEX,7800,PHI@BAL 12/01/2024 04:25PM ET,BAL,21.59,Derrick Henry,RB,Ravens,21.57,4.8,2024-11-29 19:13:43
RB,Alvin Kamara (36784249),Alvin Kamara,36784249,RB/FLEX,7700,LAR@NO 12/01/2024 04:05PM ET,NO,20.5,Alvin Kamara,RB,Saints,22.13,24.6,2024-11-29 19:13:43
QB,Jalen Hurts (36784178),Jalen Hurts,36784178,QB,7700,PHI@BAL 12/01/2024 04:25PM ET,PHI,22.97,Jalen Hurts,QB,Eagles,21.42,2.7,2024-11-29 19:13:43
WR,Puka Nacua (36784461),Puka Nacua,36784461,WR/FLEX,7600,LAR@NO 12/01/2024 04:05PM ET,LAR,17.03,Puka Nacua,WR,Rams,19.37,11.3,2024-11-29 19:13:43
RB,Breece Hall (36784251),Breece Hall,36784251,RB/FLEX,7500,SEA@NYJ 12/01/2024 01:00PM ET,NYJ,17.3,Breece Hall,RB,Jets,19.91,6.8,2024-11-29 19:13:43
WR,Cooper Kupp (36784463),Cooper Kupp,36784463,WR/FLEX,7400,LAR@NO 12/01/2024 04:05PM ET,LAR,21.4,Cooper Kupp,WR,Rams,17.53,10.7,2024-11-29 19:13:43
RB,Bijan Robinson (36784253),Bijan Robinson,36784253,RB/FLEX,7300,LAC@ATL 12/01/2024 01:00PM ET,ATL,18.84,Bijan Robinson,RB,Falcons,21.04,16.6,2024-11-29 19:13:43
QB,Jayden Daniels (36784179),Jayden Daniels,36784179,QB,7200,TEN@WAS 12/01/2024 01:00PM ET,WAS,20.18,Jayden Daniels,QB,Commanders,19.55,2.1,2024-11-29 19:13:43
RB,Kyren Williams (36784255),Kyren Williams,36784255,RB/FLEX,7200,LAR@NO 12/01/2024 04:05PM ET,LAR,16.98,Kyren Williams,RB,Rams,17.61,14.7,2024-11-29 19:13:43
WR,Terry McLaurin (36784465),Terry McLaurin,36784465,WR/FLEX,7100,TEN@WAS 12/01/2024 01:00PM ET,WAS,15.96,Terry McLaurin,WR,Commanders,13.51,1.6,2024-11-29 19:13:43
QB,Joe Burrow (36784180),Joe Burrow,36784180,QB,7000,PIT@CIN 12/01/2024 01:00PM ET,CIN,23.38,Joe Burrow,QB,Bengals,21.02,5.2,2024-11-29 19:13:43
RB,Kenneth Walker III (36784257),Kenneth Walker III,36784257,RB/FLEX,7000,SEA@NYJ 12/01/2024 01:00PM ET,SEA,18.19,Kenneth Walker III,RB,Seahawks,14.74,12.8,2024-11-29 19:13:43
WR,Davante Adams (36784467),Davante Adams,36784467,WR/FLEX,7000,SEA@NYJ 12/01/2024 01:00PM ET,NYJ,13.46,Davante Adams,WR,Jets,13.64,5.4,2024-11-29 19:13:43
RB,Jonathan Taylor (36784259),Jonathan Taylor,36784259,RB/FLEX,6900,IND@NE 12/01/2024 01:00PM ET,IND,15.21,Jonathan Taylor,RB,Colts,15.45,13.1,2024-11-29 19:13:43
WR,Garrett Wilson (36784469),Garrett Wilson,36784469,WR/FLEX,6900,SEA@NYJ 12/01/2024 01:00PM ET,NYJ,16.52,Garrett Wilson,WR,Jets,13.76,5.9,2024-11-29 19:13:43
RB,J.K. Dobbins (36784261),J.K. Dobbins,36784261,RB/FLEX,6800,LAC@ATL 12/01/2024 01:00PM ET,LAC,15.64,J.K. Dobbins,RB,Chargers,11.53,0.0,2024-11-29 19:13:43
WR,George Pickens (36784471),George Pickens,36784471,WR/FLEX,6800,PIT@CIN 12/01/2024 01:00PM ET,PIT,13.27,George Pickens,WR,Steelers,14.87,11.4,2024-11-29 19:13:43
RB,Chuba Hubbard (36784263),Chuba Hubbard,36784263,RB/FLEX,6700,TB@CAR 12/01/2024 04:05PM ET,CAR,17.11,Chuba Hubbard,RB,Panthers,17.43,12.8,2024-11-29 19:13:43
WR,Mike Evans (36784473),Mike Evans,36784473,WR/FLEX,6700,TB@CAR 12/01/2024 04:05PM ET,TB,13.41,Mike Evans,WR,Buccaneers,17.94,14.9,2024-11-29 19:13:43
WR,Tee Higgins (36784475),Tee Higgins,36784475,WR/FLEX,6600,PIT@CIN 12/01/2024 01:00PM ET,CIN,18.98,Tee Higgins,WR,Bengals,16.28,15.1,2024-11-29 19:13:43
RB,James Conner (36784265),James Conner,36784265,RB/FLEX,6600,ARI@MIN 12/01/2024 01:00PM ET,ARI,15.76,James Conner,RB,Cardinals,14.7,5.8,2024-11-29 19:13:43
QB,Baker Mayfield (36784181),Baker Mayfield,36784181,QB,6600,TB@CAR 12/01/2024 04:05PM ET,TB,22.92,Baker Mayfield,QB,Buccaneers,21.84,4.2,2024-11-29 19:13:43
WR,Drake London (36784477),Drake London,36784477,WR/FLEX,6500,LAC@ATL 12/01/2024 01:00PM ET,ATL,15.54,Drake London,WR,Falcons,15.85,14.2,2024-11-29 19:13:43
RB,Aaron Jones (36784267),Aaron Jones,36784267,RB/FLEX,6500,ARI@MIN 12/01/2024 01:00PM ET,MIN,15.3,Aaron Jones,RB,Vikings,17.48,13.5,2024-11-29 19:13:43
QB,C.J. Stroud (36784182),C.J. Stroud,36784182,QB,6400,HOU@JAX 12/01/2024 01:00PM ET,HOU,15.35,C.J. Stroud,QB,Texans,20.62,6.2,2024-11-29 19:13:43
WR,DK Metcalf (36784479),DK Metcalf,36784479,WR/FLEX,6400,SEA@NYJ 12/01/2024 01:00PM ET,SEA,15.63,DK Metcalf,WR,Seahawks,14.68,5.9,2024-11-29 19:13:43
WR,Jaxon Smith-Njigba (36784481),Jaxon Smith-Njigba,36784481,WR/FLEX,6300,SEA@NYJ 12/01/2024 01:00PM ET,SEA,16.06,Jaxon Smith-Njigba,WR,Seahawks,14.49,5.4,2024-11-29 19:13:43
RB,Tony Pollard (36784269),Tony Pollard,36784269,RB/FLEX,6300,TEN@WAS 12/01/2024 01:00PM ET,TEN,14.62,Tony Pollard,RB,Titans,14.28,7.9,2024-11-29 19:13:43
RB,Chase Brown (36784271),Chase Brown,36784271,RB/FLEX,6200,PIT@CIN 12/01/2024 01:00PM ET,CIN,14.76,Chase Brown,RB,Bengals,15.8,28.4,2024-11-29 19:13:43
WR,Zay Flowers (36784483),Zay Flowers,36784483,WR/FLEX,6200,PHI@BAL 12/01/2024 04:25PM ET,BAL,14.72,Zay Flowers,WR,Ravens,14.24,10.4,2024-11-29 19:13:43
WR,Ladd McConkey (36784485),Ladd McConkey,36784485,WR/FLEX,6100,LAC@ATL 12/01/2024 01:00PM ET,LAC,13.53,Ladd McConkey,WR,Chargers,13.65,18.8,2024-11-29 19:13:43
QB,Kyler Murray (36784183),Kyler Murray,36784183,QB,6100,ARI@MIN 12/01/2024 01:00PM ET,ARI,18.16,Kyler Murray,QB,Cardinals,18.64,4.1,2024-11-29 19:13:43
RB,Brian Robinson Jr. (36784273),Brian Robinson Jr.,36784273,RB/FLEX,6100,TEN@WAS 12/01/2024 01:00PM ET,WAS,13.62,Brian Robinson Jr.,RB,Commanders,11.0,0.0,2024-11-29 19:13:43
QB,Kirk Cousins (36784184),Kirk Cousins,36784184,QB,6000,LAC@ATL 12/01/2024 01:00PM ET,ATL,15.91,Kirk Cousins,QB,Falcons,16.07,1.2,2024-11-29 19:13:43
RB,Najee Harris (36784275),Najee Harris,36784275,RB/FLEX,6000,PIT@CIN 12/01/2024 01:00PM ET,PIT,13.13,Najee Harris,RB,Steelers,14.72,3.8,2024-11-29 19:13:43
WR,Marvin Harrison Jr. (36784489),Marvin Harrison Jr.,36784489,WR/FLEX,6000,ARI@MIN 12/01/2024 01:00PM ET,ARI,11.96,Marvin Harrison Jr.,WR,Cardinals,12.49,4.2,2024-11-29 19:13:43
WR,Chris Olave (36784487),Chris Olave,36784487,WR/FLEX,6000,LAR@NO 12/01/2024 04:05PM ET,NO,10.09,Chris Olave,WR,Saints,0.0,0.0,2024-11-29 19:13:43
WR,Tank Dell (36784491),Tank Dell,36784491,WR/FLEX,5900,HOU@JAX 12/01/2024 01:00PM ET,HOU,10.16,Tank Dell,WR,Texans,11.86,4.4,2024-11-29 19:13:43
QB,Sam Darnold (36784185),Sam Darnold,36784185,QB,5900,ARI@MIN 12/01/2024 01:00PM ET,MIN,18.56,Sam Darnold,QB,Vikings,21.06,9.1,2024-11-29 19:13:43
RB,Rhamondre Stevenson (36784277),Rhamondre Stevenson,36784277,RB/FLEX,5900,IND@NE 12/01/2024 01:00PM ET,NE,13.33,Rhamondre Stevenson,RB,Patriots,14.17,5.1,2024-11-29 19:13:43
TE,Trey McBride (36784835),Trey McBride,36784835,TE/FLEX,5800,ARI@MIN 12/01/2024 01:00PM ET,ARI,14.77,Trey McBride,TE,Cardinals,14.48,11.8,2024-11-29 19:13:43
RB,Bucky Irving (36784279),Bucky Irving,36784279,RB/FLEX,5800,TB@CAR 12/01/2024 04:05PM ET,TB,13.1,Bucky Irving,RB,Buccaneers,15.5,24.7,2024-11-29 19:13:43
QB,Matthew Stafford (36784186),Matthew Stafford,36784186,QB,5800,LAR@NO 12/01/2024 04:05PM ET,LAR,15.16,Matthew Stafford,QB,Rams,19.25,5.5,2024-11-29 19:13:43
WR,DeVonta Smith (36784493),DeVonta Smith,36784493,WR/FLEX,5800,PHI@BAL 12/01/2024 04:25PM ET,PHI,12.96,DeVonta Smith,WR,Eagles,12.07,0.0,2024-11-29 19:13:43
QB,Russell Wilson (36784187),Russell Wilson,36784187,QB,5700,PIT@CIN 12/01/2024 01:00PM ET,PIT,16.18,Russell Wilson,QB,Steelers,15.21,1.4,2024-11-29 19:13:43
RB,Travis Etienne Jr. (36784281),Travis Etienne Jr.,36784281,RB/FLEX,5700,HOU@JAX 12/01/2024 01:00PM ET,JAX,8.41,Travis Etienne Jr.,RB,Jaguars,8.86,2.5,2024-11-29 19:13:43
WR,Calvin Ridley (36784495),Calvin Ridley,36784495,WR/FLEX,5700,TEN@WAS 12/01/2024 01:00PM ET,TEN,12.14,Calvin Ridley,WR,Titans,13.25,20.2,2024-11-29 19:13:43
QB,Justin Herbert (36784188),Justin Herbert,36784188,QB,5600,LAC@ATL 12/01/2024 01:00PM ET,LAC,16.48,Justin Herbert,QB,Chargers,19.07,16.8,2024-11-29 19:13:43
WR,Darnell Mooney (36784497),Darnell Mooney,36784497,WR/FLEX,5600,LAC@ATL 12/01/2024 01:00PM ET,ATL,13.83,Darnell Mooney,WR,Falcons,13.4,9.1,2024-11-29 19:13:43
QB,Drake Maye (36784189),Drake Maye,36784189,QB,5600,IND@NE 12/01/2024 01:00PM ET,NE,15.49,Drake Maye,QB,Patriots,18.87,4.0,2024-11-29 19:13:43
RB,Austin Ekeler (36784283),Austin Ekeler,36784283,RB/FLEX,5600,TEN@WAS 12/01/2024 01:00PM ET,WAS,11.56,Austin Ekeler,RB,Commanders,5.73,0.0,2024-11-29 19:13:43
RB,Jaylen Warren (36784285),Jaylen Warren,36784285,RB/FLEX,5500,PIT@CIN 12/01/2024 01:00PM ET,PIT,7.83,Jaylen Warren,RB,Steelers,10.83,0.9,2024-11-29 19:13:43
WR,Brian Thomas Jr. (36784499),Brian Thomas Jr.,36784499,WR/FLEX,5500,HOU@JAX 12/01/2024 01:00PM ET,JAX,13.62,Brian Thomas Jr.,WR,Jaguars,11.56,20.4,2024-11-29 19:13:43
QB,Anthony Richardson (36784191),Anthony Richardson,36784191,QB,5500,IND@NE 12/01/2024 01:00PM ET,IND,14.7,Anthony Richardson,QB,Colts,20.48,16.4,2024-11-29 19:13:43
QB,Geno Smith (36784190),Geno Smith,36784190,QB,5500,SEA@NYJ 12/01/2024 01:00PM ET,SEA,18.53,Geno Smith,QB,Seahawks,17.96,6.0,2024-11-29 19:13:43
QB,Trevor Lawrence (36784192),Trevor Lawrence,36784192,QB,5400,HOU@JAX 12/01/2024 01:00PM ET,JAX,17.55,Trevor Lawrence,QB,Jaguars,13.42,0.0,2024-11-29 19:13:43
WR,Josh Downs (36784501),Josh Downs,36784501,WR/FLEX,5400,IND@NE 12/01/2024 01:00PM ET,IND,14.06,Josh Downs,WR,Colts,0.0,0.0,2024-11-29 19:13:43
RB,Jeremy McNichols (36784287),Jeremy McNichols,36784287,RB/FLEX,5400,TEN@WAS 12/01/2024 01:00PM ET,WAS,4.03,Jeremy McNichols,RB,Commanders,4.02,1.4,2024-11-29 19:13:43
WR,Jordan Addison (36784503),Jordan Addison,36784503,WR/FLEX,5300,ARI@MIN 12/01/2024 01:00PM ET,MIN,13.23,Jordan Addison,WR,Vikings,12.97,4.6,2024-11-29 19:13:43
QB,Aaron Rodgers (36784193),Aaron Rodgers,36784193,QB,5300,SEA@NYJ 12/01/2024 01:00PM ET,NYJ,14.97,Aaron Rodgers,QB,Jets,13.59,0.8,2024-11-29 19:13:43
RB,Rachaad White (36784289),Rachaad White,36784289,RB/FLEX,5300,TB@CAR 12/01/2024 04:05PM ET,TB,13.74,Rachaad White,RB,Buccaneers,13.26,5.1,2024-11-29 19:13:43
QB,Justin Fields (36784194),Justin Fields,36784194,QB,5200,PIT@CIN 12/01/2024 01:00PM ET,PIT,15.33,Justin Fields,QB,Steelers,0.0,0.0,2024-11-29 19:13:43
RB,Tank Bigsby (36784291),Tank Bigsby,36784291,RB/FLEX,5200,HOU@JAX 12/01/2024 01:00PM ET,JAX,8.85,Tank Bigsby,RB,Jaguars,7.61,0.4,2024-11-29 19:13:43
WR,Michael Pittman Jr. (36784505),Michael Pittman Jr.,36784505,WR/FLEX,5200,IND@NE 12/01/2024 01:00PM ET,IND,9.71,Michael Pittman Jr.,WR,Colts,12.81,13.3,2024-11-29 19:13:43
WR,Xavier Legette (36784507),Xavier Legette,36784507,WR/FLEX,5100,TB@CAR 12/01/2024 04:05PM ET,CAR,8.47,Xavier Legette,WR,Panthers,9.58,5.7,2024-11-29 19:13:43
QB,Derek Carr (36784195),Derek Carr,36784195,QB,5100,LAR@NO 12/01/2024 04:05PM ET,NO,16.05,Derek Carr,QB,Saints,17.72,2.4,2024-11-29 19:13:43
RB,Kenneth Gainwell (36784293),Kenneth Gainwell,36784293,RB/FLEX,5100,PHI@BAL 12/01/2024 04:25PM ET,PHI,3.62,Kenneth Gainwell,RB,Eagles,3.36,0.0,2024-11-29 19:13:43
RB,Tyler Allgeier (36784297),Tyler Allgeier,36784297,RB/FLEX,5000,LAC@ATL 12/01/2024 01:00PM ET,ATL,6.77,Tyler Allgeier,RB,Falcons,6.91,0.5,2024-11-29 19:13:43
WR,Quentin Johnston (36784509),Quentin Johnston,36784509,WR/FLEX,5000,LAC@ATL 12/01/2024 01:00PM ET,LAC,10.78,Quentin Johnston,WR,Chargers,10.27,2.1,2024-11-29 19:13:43
RB,Braelon Allen (36784295),Braelon Allen,36784295,RB/FLEX,5000,SEA@NYJ 12/01/2024 01:00PM ET,NYJ,5.36,Braelon Allen,RB,Jets,4.62,0.4,2024-11-29 19:13:43
QB,Will Levis (36784196),Will Levis,36784196,QB,5000,TEN@WAS 12/01/2024 01:00PM ET,TEN,12.8,Will Levis,QB,Titans,14.83,6.8,2024-11-29 19:13:43
QB,Mason Rudolph (36784197),Mason Rudolph,36784197,QB,5000,TEN@WAS 12/01/2024 01:00PM ET,TEN,13.84,Mason Rudolph,QB,Titans,0.0,0.0,2024-11-29 19:13:43
TE,Taysom Hill (36784837),Taysom Hill,36784837,TE/FLEX,5000,LAR@NO 12/01/2024 04:05PM ET,NO,13.95,Taysom Hill,TE,Saints,10.89,16.7,2024-11-29 19:13:43
QB,Mac Jones (36784198),Mac Jones,36784198,QB,4900,HOU@JAX 12/01/2024 01:00PM ET,JAX,3.4,Mac Jones,QB,Jaguars,0.82,0.5,2024-11-29 19:13:43
RB,Antonio Gibson (36784299),Antonio Gibson,36784299,RB/FLEX,4900,IND@NE 12/01/2024 01:00PM ET,NE,5.06,Antonio Gibson,RB,Patriots,5.69,0.3,2024-11-29 19:13:43
WR,Alec Pierce (36784511),Alec Pierce,36784511,WR/FLEX,4900,IND@NE 12/01/2024 01:00PM ET,IND,9.99,Alec Pierce,WR,Colts,11.24,3.9,2024-11-29 19:13:43
TE,Evan Engram (36784839),Evan Engram,36784839,TE/FLEX,4800,HOU@JAX 12/01/2024 01:00PM ET,JAX,10.73,Evan Engram,TE,Jaguars,9.62,17.4,2024-11-29 19:13:43
QB,Tyrod Taylor (36784199),Tyrod Taylor,36784199,QB,4800,SEA@NYJ 12/01/2024 01:00PM ET,NYJ,6.14,Tyrod Taylor,QB,Jets,0.0,0.0,2024-11-29 19:13:43
WR,Adam Thielen (36784513),Adam Thielen,36784513,WR/FLEX,4800,TB@CAR 12/01/2024 04:05PM ET,CAR,8.4,Adam Thielen,WR,Panthers,10.6,1.6,2024-11-29 19:13:43
RB,Justice Hill (36784301),Justice Hill,36784301,RB/FLEX,4800,PHI@BAL 12/01/2024 04:25PM ET,BAL,8.35,Justice Hill,RB,Ravens,6.55,0.8,2024-11-29 19:13:43
RB,Keaton Mitchell (36784303),Keaton Mitchell,36784303,RB/FLEX,4800,PHI@BAL 12/01/2024 04:25PM ET,BAL,0.0,Keaton Mitchell,RB,Ravens,0.0,0.0,2024-11-29 19:13:43
WR,DeMario Douglas (36784515),DeMario Douglas,36784515,WR/FLEX,4700,IND@NE 12/01/2024 01:00PM ET,NE,8.64,DeMario Douglas,WR,Patriots,10.38,5.6,2024-11-29 19:13:43
QB,Bryce Young (36784200),Bryce Young,36784200,QB,4700,TB@CAR 12/01/2024 04:05PM ET,CAR,9.05,Bryce Young,QB,Panthers,15.4,3.3,2024-11-29 19:13:43
QB,Andy Dalton (36784201),Andy Dalton,36784201,QB,4700,TB@CAR 12/01/2024 04:05PM ET,CAR,11.33,Andy Dalton,QB,Panthers,0.0,0.0,2024-11-29 19:13:43
RB,Jonathon Brooks (36784305),Jonathon Brooks,36784305,RB/FLEX,4700,TB@CAR 12/01/2024 04:05PM ET,CAR,0.7,Jonathon Brooks,RB,Panthers,5.34,0.1,2024-11-29 19:13:43
TE,Kyle Pitts (36784841),Kyle Pitts,36784841,TE/FLEX,4600,LAC@ATL 12/01/2024 01:00PM ET,ATL,9.31,Kyle Pitts,TE,Falcons,9.63,2.3,2024-11-29 19:13:43
QB,Davis Mills (36784203),Davis Mills,36784203,QB,4600,HOU@JAX 12/01/2024 01:00PM ET,HOU,1.05,Davis Mills,QB,Texans,0.0,0.0,2024-11-29 19:13:43
RB,Dameon Pierce (36784307),Dameon Pierce,36784307,RB/FLEX,4600,HOU@JAX 12/01/2024 01:00PM ET,HOU,2.85,Dameon Pierce,RB,Texans,1.79,0.0,2024-11-29 19:13:43
QB,Jacoby Brissett (36784202),Jacoby Brissett,36784202,QB,4600,IND@NE 12/01/2024 01:00PM ET,NE,7.89,Jacoby Brissett,QB,Patriots,0.0,0.0,2024-11-29 19:13:43
WR,Allen Lazard (36784517),Allen Lazard,36784517,WR/FLEX,4600,SEA@NYJ 12/01/2024 01:00PM ET,NYJ,14.89,Allen Lazard,WR,Jets,0.0,0.0,2024-11-29 19:13:43
RB,Cam Akers (36784311),Cam Akers,36784311,RB/FLEX,4500,ARI@MIN 12/01/2024 01:00PM ET,MIN,5.4,Cam Akers,RB,Vikings,5.52,0.3,2024-11-29 19:13:43
QB,Joe Flacco (36784204),Joe Flacco,36784204,QB,4500,IND@NE 12/01/2024 01:00PM ET,IND,13.36,Joe Flacco,QB,Colts,0.0,0.0,2024-11-29 19:13:43
WR,Tyler Lockett (36784521),Tyler Lockett,36784521,WR/FLEX,4500,SEA@NYJ 12/01/2024 01:00PM ET,SEA,9.04,Tyler Lockett,WR,Seahawks,7.69,1.0,2024-11-29 19:13:43
RB,Sean Tucker (36784309),Sean Tucker,36784309,RB/FLEX,4500,TB@CAR 12/01/2024 04:05PM ET,TB,5.3,Sean Tucker,RB,Buccaneers,3.25,0.1,2024-11-29 19:13:43
TE,Cade Otton (36784843),Cade Otton,36784843,TE/FLEX,4500,TB@CAR 12/01/2024 04:05PM ET,TB,11.29,Cade Otton,TE,Buccaneers,11.87,9.7,2024-11-29 19:13:43
WR,Marquez Valdes-Scantling (36784519),Marquez Valdes-Scantling,36784519,WR/FLEX,4500,LAR@NO 12/01/2024 04:05PM ET,NO,5.74,Marquez Valdes-Scantling,WR,Saints,12.05,3.3,2024-11-29 19:13:43
QB,Josh Johnson (36784205),Josh Johnson,36784205,QB,4500,PHI@BAL 12/01/2024 04:25PM ET,BAL,0.08,Josh Johnson,QB,Ravens,0.0,0.0,2024-11-29 19:13:43
TE,T.J. Hockenson (36784845),T.J. Hockenson,36784845,TE/FLEX,4400,ARI@MIN 12/01/2024 01:00PM ET,MIN,11.4,T.J. Hockenson,TE,Vikings,11.62,15.3,2024-11-29 19:13:43
RB,Zach Charbonnet (36784315),Zach Charbonnet,36784315,RB/FLEX,4400,SEA@NYJ 12/01/2024 01:00PM ET,SEA,9.08,Zach Charbonnet,RB,Seahawks,6.18,0.4,2024-11-29 19:13:43
RB,Tyjae Spears (36784313),Tyjae Spears,36784313,RB/FLEX,4400,TEN@WAS 12/01/2024 01:00PM ET,TEN,6.84,Tyjae Spears,RB,Titans,8.73,0.4,2024-11-29 19:13:43
WR,Noah Brown (36784523),Noah Brown,36784523,WR/FLEX,4400,TEN@WAS 12/01/2024 01:00PM ET,WAS,8.06,Noah Brown,WR,Commanders,8.02,5.4,2024-11-29 19:13:43
WR,Rashod Bateman (36784525),Rashod Bateman,36784525,WR/FLEX,4400,PHI@BAL 12/01/2024 04:25PM ET,BAL,10.45,Rashod Bateman,WR,Ravens,8.95,2.7,2024-11-29 19:13:43
RB,Gus Edwards (36784319),Gus Edwards,36784319,RB/FLEX,4300,LAC@ATL 12/01/2024 01:00PM ET,LAC,3.97,Gus Edwards,RB,Chargers,6.51,10.7,2024-11-29 19:13:43
WR,Ray-Ray McCloud III (36784529),Ray-Ray McCloud III,36784529,WR/FLEX,4300,LAC@ATL 12/01/2024 01:00PM ET,ATL,8.16,Ray-Ray McCloud,WR,Falcons,6.93,2.8,2024-11-29 19:13:43
WR,Joshua Palmer (36784531),Joshua Palmer,36784531,WR/FLEX,4300,LAC@ATL 12/01/2024 01:00PM ET,LAC,6.93,Joshua Palmer,WR,Chargers,8.45,2.9,2024-11-29 19:13:43
RB,Trey Benson (36784317),Trey Benson,36784317,RB/FLEX,4300,ARI@MIN 12/01/2024 01:00PM ET,ARI,3.99,Trey Benson,RB,Cardinals,5.23,0.2,2024-11-29 19:13:43
WR,Nick Westbrook-Ikhine (36784527),Nick Westbrook-Ikhine,36784527,WR/FLEX,4300,TEN@WAS 12/01/2024 01:00PM ET,TEN,7.86,Nick Westbrook-Ikhine,WR,Titans,9.42,2.7,2024-11-29 19:13:43
QB,Jimmy Garoppolo (36784206),Jimmy Garoppolo,36784206,QB,4300,LAR@NO 12/01/2024 04:05PM ET,LAR,0.0,Jimmy Garoppolo,QB,Rams,0.0,0.0,2024-11-29 19:13:43
TE,Dallas Goedert (36784847),Dallas Goedert,36784847,TE/FLEX,4300,PHI@BAL 12/01/2024 04:25PM ET,PHI,10.58,Dallas Goedert,TE,Eagles,9.26,9.9,2024-11-29 19:13:43
WR,Michael Wilson (36784537),Michael Wilson,36784537,WR/FLEX,4200,ARI@MIN 12/01/2024 01:00PM ET,ARI,7.74,Michael Wilson,WR,Cardinals,6.98,2.4,2024-11-29 19:13:43
TE,Hunter Henry (36784849),Hunter Henry,36784849,TE/FLEX,4200,IND@NE 12/01/2024 01:00PM ET,NE,9.46,Hunter Henry,TE,Patriots,11.72,9.1,2024-11-29 19:13:43
RB,Blake Corum (36784321),Blake Corum,36784321,RB/FLEX,4200,LAR@NO 12/01/2024 04:05PM ET,LAR,1.61,Blake Corum,RB,Rams,2.98,0.0,2024-11-29 19:13:43
RB,Jamaal Williams (36784323),Jamaal Williams,36784323,RB/FLEX,4200,LAR@NO 12/01/2024 04:05PM ET,NO,3.06,Jamaal Williams,RB,Saints,2.67,0.0,2024-11-29 19:13:43
WR,Cedrick Wilson Jr. (36784535),Cedrick Wilson Jr.,36784535,WR/FLEX,4200,LAR@NO 12/01/2024 04:05PM ET,NO,3.13,Cedrick Wilson Jr.,WR,Saints,5.05,0.1,2024-11-29 19:13:43
WR,Diontae Johnson (36784533),Diontae Johnson,36784533,WR/FLEX,4200,PHI@BAL 12/01/2024 04:25PM ET,BAL,8.08,Diontae Johnson,WR,Ravens,3.48,0.0,2024-11-29 19:13:43
QB,Jake Browning (36784208),Jake Browning,36784208,QB,4100,PIT@CIN 12/01/2024 01:00PM ET,CIN,-0.05,Jake Browning,QB,Bengals,0.0,0.0,2024-11-29 19:13:43
TE,Mike Gesicki (36784851),Mike Gesicki,36784851,TE/FLEX,4100,PIT@CIN 12/01/2024 01:00PM ET,CIN,7.84,Mike Gesicki,TE,Bengals,5.74,2.0,2024-11-29 19:13:43
RB,Dare Ogunbowale (36784325),Dare Ogunbowale,36784325,RB/FLEX,4100,HOU@JAX 12/01/2024 01:00PM ET,HOU,3.78,Dare Ogunbowale,RB,Texans,2.0,0.1,2024-11-29 19:13:43
WR,John Metchie III (36784541),John Metchie III,36784541,WR/FLEX,4100,HOU@JAX 12/01/2024 01:00PM ET,HOU,3.77,John Metchie III,WR,Texans,4.36,0.3,2024-11-29 19:13:43
QB,Sam Howell (36784209),Sam Howell,36784209,QB,4100,SEA@NYJ 12/01/2024 01:00PM ET,SEA,0.0,Sam Howell,QB,Seahawks,0.0,0.0,2024-11-29 19:13:43
QB,Spencer Rattler (36784207),Spencer Rattler,36784207,QB,4100,LAR@NO 12/01/2024 04:05PM ET,NO,9.65,Spencer Rattler,QB,Saints,0.0,0.0,2024-11-29 19:13:43
QB,Jake Haener (36784210),Jake Haener,36784210,QB,4100,LAR@NO 12/01/2024 04:05PM ET,NO,2.11,Jake Haener,QB,Saints,0.0,0.0,2024-11-29 19:13:43
WR,Mason Tipton (36784539),Mason Tipton,36784539,WR/FLEX,4100,LAR@NO 12/01/2024 04:05PM ET,NO,2.39,Mason Tipton,WR,Saints,1.61,0.0,2024-11-29 19:13:43
QB,Michael Penix Jr. (36784211),Michael Penix Jr.,36784211,QB,4000,LAC@ATL 12/01/2024 01:00PM ET,ATL,0.76,Michael Penix Jr.,QB,Falcons,0.0,0.0,2024-11-29 19:13:43
QB,Taylor Heinicke (36784240),Taylor Heinicke,36784240,QB,4000,LAC@ATL 12/01/2024 01:00PM ET,LAC,0.96,Taylor Heinicke,QB,Chargers,0.0,0.0,2024-11-29 19:13:43
QB,Easton Stick (36784241),Easton Stick,36784241,QB,4000,LAC@ATL 12/01/2024 01:00PM ET,LAC,0.0,Easton Stick,QB,Chargers,0.0,0.0,2024-11-29 19:13:43
QB,Nathan Peterman (36784242),Nathan Peterman,36784242,QB,4000,LAC@ATL 12/01/2024 01:00PM ET,ATL,0.0,Nathan Peterman,QB,Falcons,0.0,0.0,2024-11-29 19:13:43
RB,Hassan Haskins (36784437),Hassan Haskins,36784437,RB/FLEX,4000,LAC@ATL 12/01/2024 01:00PM ET,LAC,0.78,Hassan Haskins,RB,Chargers,2.13,0.3,2024-11-29 19:13:43
RB,Kimani Vidal (36784439),Kimani Vidal,36784439,RB/FLEX,4000,LAC@ATL 12/01/2024 01:00PM ET,LAC,4.58,Kimani Vidal,RB,Chargers,0.0,2.1,2024-11-29 19:13:43
RB,Jaret Patterson (36784441),Jaret Patterson,36784441,RB/FLEX,4000,LAC@ATL 12/01/2024 01:00PM ET,LAC,0.0,Jaret Patterson,RB,Chargers,0.0,0.0,2024-11-29 19:13:43
RB,Jase McClellan (36784443),Jase McClellan,36784443,RB/FLEX,4000,LAC@ATL 12/01/2024 01:00PM ET,ATL,1.6,Jase McClellan,RB,Falcons,0.51,0.0,2024-11-29 19:13:43
RB,Avery Williams (36784445),Avery Williams,36784445,RB/FLEX,4000,LAC@ATL 12/01/2024 01:00PM ET,ATL,0.0,Avery Williams,RB,Falcons,0.0,0.0,2024-11-29 19:13:43
RB,Carlos Washington Jr. (36784447),Carlos Washington Jr.,36784447,RB/FLEX,4000,LAC@ATL 12/01/2024 01:00PM ET,ATL,0.0,Carlos Washington Jr.,RB,Falcons,0.0,0.0,2024-11-29 19:13:43
RB,Robert Burns (36784449),Robert Burns,36784449,RB/FLEX,4000,LAC@ATL 12/01/2024 01:00PM ET,ATL,0.0,Robert Burns,RB,Falcons,0.0,0.0,2024-11-29 19:13:43
TE,Will Dissly (36784853),Will Dissly,36784853,TE/FLEX,4000,LAC@ATL 12/01/2024 01:00PM ET,LAC,7.9,Will Dissly,TE,Chargers,8.99,13.1,2024-11-29 19:13:43
QB,Kyle Allen (36784238),Kyle Allen,36784238,QB,4000,PIT@CIN 12/01/2024 01:00PM ET,PIT,0.76,Kyle Allen,QB,Steelers,0.0,0.0,2024-11-29 19:13:43
QB,Logan Woodside (36784239),Logan Woodside,36784239,QB,4000,PIT@CIN 12/01/2024 01:00PM ET,CIN,0.0,Logan Woodside,QB,Bengals,0.0,0.0,2024-11-29 19:13:43
RB,Cordarrelle Patterson (36784419),Cordarrelle Patterson,36784419,RB/FLEX,4000,PIT@CIN 12/01/2024 01:00PM ET,PIT,2.83,Cordarrelle Patterson,RB,Steelers,2.26,0.0,2024-11-29 19:13:43
RB,Jonathan Ward (36784421),Jonathan Ward,36784421,RB/FLEX,4000,PIT@CIN 12/01/2024 01:00PM ET,PIT,0.55,Jonathan Ward,RB,Steelers,0.0,0.0,2024-11-29 19:13:43
RB,Aaron Shampklin (36784423),Aaron Shampklin,36784423,RB/FLEX,4000,PIT@CIN 12/01/2024 01:00PM ET,PIT,0.57,Aaron Shampklin,RB,Steelers,0.0,0.0,2024-11-29 19:13:43
RB,Khalil Herbert (36784425),Khalil Herbert,36784425,RB/FLEX,4000,PIT@CIN 12/01/2024 01:00PM ET,CIN,1.25,Khalil Herbert,RB,Bengals,2.01,0.0,2024-11-29 19:13:43
RB,Trayveon Williams (36784427),Trayveon Williams,36784427,RB/FLEX,4000,PIT@CIN 12/01/2024 01:00PM ET,CIN,0.0,Trayveon Williams,RB,Bengals,0.0,0.0,2024-11-29 19:13:43
RB,Zack Moss (36784429),Zack Moss,36784429,RB/FLEX,4000,PIT@CIN 12/01/2024 01:00PM ET,CIN,10.36,Zack Moss,RB,Bengals,0.0,0.0,2024-11-29 19:13:43
RB,Chris Evans (36784431),Chris Evans,36784431,RB/FLEX,4000,PIT@CIN 12/01/2024 01:00PM ET,CIN,0.0,Chris Evans,RB,Bengals,0.0,0.0,2024-11-29 19:13:43
RB,Kendall Milton (36784433),Kendall Milton,36784433,RB/FLEX,4000,PIT@CIN 12/01/2024 01:00PM ET,CIN,0.0,Kendall Milton,RB,Bengals,0.0,0.0,2024-11-29 19:13:43
RB,Gary Brightwell (36784435),Gary Brightwell,36784435,RB/FLEX,4000,PIT@CIN 12/01/2024 01:00PM ET,CIN,0.0,Gary Brightwell,RB,Bengals,0.0,0.0,2024-11-29 19:13:43
WR,Mike Williams (36784545),Mike Williams,36784545,WR/FLEX,4000,PIT@CIN 12/01/2024 01:00PM ET,PIT,3.23,Mike Williams,WR,Steelers,2.57,0.1,2024-11-29 19:13:43
QB,C.J. Beathard (36784235),C.J. Beathard,36784235,QB,4000,HOU@JAX 12/01/2024 01:00PM ET,JAX,0.0,C.J. Beathard,QB,Jaguars,0.0,0.0,2024-11-29 19:13:43
QB,Case Keenum (36784236),Case Keenum,36784236,QB,4000,HOU@JAX 12/01/2024 01:00PM ET,HOU,0.0,Case Keenum,QB,Texans,0.0,0.0,2024-11-29 19:13:43
QB,Kedon Slovis (36784237),Kedon Slovis,36784237,QB,4000,HOU@JAX 12/01/2024 01:00PM ET,HOU,0.0,Kedon Slovis,QB,Texans,0.0,0.0,2024-11-29 19:13:43
RB,D'Ernest Johnson (36784407),D'Ernest Johnson,36784407,RB/FLEX,4000,HOU@JAX 12/01/2024 01:00PM ET,JAX,2.49,D'Ernest Johnson,RB,Jaguars,2.07,0.1,2024-11-29 19:13:43
RB,Keilan Robinson (36784409),Keilan Robinson,36784409,RB/FLEX,4000,HOU@JAX 12/01/2024 01:00PM ET,JAX,0.0,Keilan Robinson,RB,Jaguars,0.0,0.0,2024-11-29 19:13:43
RB,British Brooks (36784411),British Brooks,36784411,RB/FLEX,4000,HOU@JAX 12/01/2024 01:00PM ET,HOU,0.04,British Brooks,RB,Texans,0.0,0.0,2024-11-29 19:13:43
RB,Jawhar Jordan (36784413),Jawhar Jordan,36784413,RB/FLEX,4000,HOU@JAX 12/01/2024 01:00PM ET,HOU,0.0,Jawhar Jordan,RB,Texans,0.0,0.0,2024-11-29 19:13:43
RB,J.J. Taylor (36784415),J.J. Taylor,36784415,RB/FLEX,4000,HOU@JAX 12/01/2024 01:00PM ET,HOU,1.28,J.J. Taylor,RB,Texans,0.0,0.0,2024-11-29 19:13:43
RB,Troy Hairston (36784417),Troy Hairston,36784417,RB/FLEX,4000,HOU@JAX 12/01/2024 01:00PM ET,HOU,0.0,Troy Hairston,RB,Texans,0.0,0.0,2024-11-29 19:13:43
QB,Clayton Tune (36784230),Clayton Tune,36784230,QB,4000,ARI@MIN 12/01/2024 01:00PM ET,ARI,-0.38,Clayton Tune,QB,Cardinals,0.0,0.0,2024-11-29 19:13:43
QB,Anthony Brown Jr. (36784231),Anthony Brown Jr.,36784231,QB,4000,ARI@MIN 12/01/2024 01:00PM ET,ARI,0.0,Anthony Brown,QB,Cardinals,0.0,0.0,2024-11-29 19:13:43
QB,Nick Mullens (36784232),Nick Mullens,36784232,QB,4000,ARI@MIN 12/01/2024 01:00PM ET,MIN,0.38,Nick Mullens,QB,Vikings,0.0,0.0,2024-11-29 19:13:43
QB,Brett Rypien (36784233),Brett Rypien,36784233,QB,4000,ARI@MIN 12/01/2024 01:00PM ET,MIN,0.0,Brett Rypien,QB,Vikings,0.0,0.0,2024-11-29 19:13:43
QB,J.J. McCarthy (36784234),J.J. McCarthy,36784234,QB,4000,ARI@MIN 12/01/2024 01:00PM ET,MIN,0.0,J.J. McCarthy,QB,Vikings,0.0,0.0,2024-11-29 19:13:43
RB,DeeJay Dallas (36784395),DeeJay Dallas,36784395,RB/FLEX,4000,ARI@MIN 12/01/2024 01:00PM ET,ARI,0.66,DeeJay Dallas,RB,Cardinals,0.0,0.0,2024-11-29 19:13:43
RB,Michael Carter (36784397),Michael Carter,36784397,RB/FLEX,4000,ARI@MIN 12/01/2024 01:00PM ET,ARI,0.0,Michael Carter,RB,Cardinals,0.0,0.0,2024-11-29 19:13:43
RB,Ty Chandler (36784399),Ty Chandler,36784399,RB/FLEX,4000,ARI@MIN 12/01/2024 01:00PM ET,MIN,2.46,Ty Chandler,RB,Vikings,0.0,0.0,2024-11-29 19:13:43
RB,Zavier Scott (36784401),Zavier Scott,36784401,RB/FLEX,4000,ARI@MIN 12/01/2024 01:00PM ET,MIN,0.0,Zavier Scott,RB,Vikings,0.0,0.0,2024-11-29 19:13:43
RB,Myles Gaskin (36784403),Myles Gaskin,36784403,RB/FLEX,4000,ARI@MIN 12/01/2024 01:00PM ET,MIN,0.4,Myles Gaskin,RB,Vikings,0.0,0.0,2024-11-29 19:13:43
RB,C.J. Ham (36784405),C.J. Ham,36784405,RB/FLEX,4000,ARI@MIN 12/01/2024 01:00PM ET,MIN,0.83,C.J. Ham,RB,Vikings,0.0,0.0,2024-11-29 19:13:43
RB,Emari Demercado (36784451),Emari Demercado,36784451,RB/FLEX,4000,ARI@MIN 12/01/2024 01:00PM ET,ARI,4.24,Emari Demercado,RB,Cardinals,2.81,0.0,2024-11-29 19:13:43
QB,Joe Milton III (36784227),Joe Milton III,36784227,QB,4000,IND@NE 12/01/2024 01:00PM ET,NE,0.0,Joe Milton III,QB,Patriots,0.0,0.0,2024-11-29 19:13:43
QB,Sam Ehlinger (36784228),Sam Ehlinger,36784228,QB,4000,IND@NE 12/01/2024 01:00PM ET,IND,0.0,Sam Ehlinger,QB,Colts,0.0,0.0,2024-11-29 19:13:43
QB,Jason Bean (36784229),Jason Bean,36784229,QB,4000,IND@NE 12/01/2024 01:00PM ET,IND,0.0,Jason Bean,QB,Colts,0.0,0.0,2024-11-29 19:13:43
RB,Tyler Goodson (36784327),Tyler Goodson,36784327,RB/FLEX,4000,IND@NE 12/01/2024 01:00PM ET,IND,3.67,Tyler Goodson,RB,Colts,0.77,0.0,2024-11-29 19:13:43
RB,JaMycal Hasty (36784383),JaMycal Hasty,36784383,RB/FLEX,4000,IND@NE 12/01/2024 01:00PM ET,NE,2.4,JaMycal Hasty,RB,Patriots,1.78,0.0,2024-11-29 19:13:43
RB,Kevin Harris (36784385),Kevin Harris,36784385,RB/FLEX,4000,IND@NE 12/01/2024 01:00PM ET,NE,0.0,Kevin Harris,RB,Patriots,0.0,0.0,2024-11-29 19:13:43
RB,Terrell Jennings (36784387),Terrell Jennings,36784387,RB/FLEX,4000,IND@NE 12/01/2024 01:00PM ET,NE,1.3,Terrell Jennings,RB,Patriots,0.0,0.0,2024-11-29 19:13:43
RB,Trey Sermon (36784389),Trey Sermon,36784389,RB/FLEX,4000,IND@NE 12/01/2024 01:00PM ET,IND,3.72,Trey Sermon,RB,Colts,0.56,0.0,2024-11-29 19:13:43
RB,Evan Hull (36784391),Evan Hull,36784391,RB/FLEX,4000,IND@NE 12/01/2024 01:00PM ET,IND,0.0,Evan Hull,RB,Colts,0.0,0.0,2024-11-29 19:13:43
RB,Salvon Ahmed (36784393),Salvon Ahmed,36784393,RB/FLEX,4000,IND@NE 12/01/2024 01:00PM ET,IND,0.0,Salvon Ahmed,RB,Colts,0.0,0.0,2024-11-29 19:13:43
QB,John Rhys Plumlee (36784223),John Rhys Plumlee,36784223,QB,4000,SEA@NYJ 12/01/2024 01:00PM ET,SEA,0.0,John Rhys Plumlee,QB,Seahawks,0.0,0.0,2024-11-29 19:13:43
QB,Jaren Hall (36784224),Jaren Hall,36784224,QB,4000,SEA@NYJ 12/01/2024 01:00PM ET,SEA,0.0,Jaren Hall,QB,Seahawks,0.0,0.0,2024-11-29 19:13:43
QB,Jordan Travis (36784225),Jordan Travis,36784225,QB,4000,SEA@NYJ 12/01/2024 01:00PM ET,NYJ,0.0,Jordan Travis,QB,Jets,0.0,0.0,2024-11-29 19:13:43
QB,Adrian Martinez (36784226),Adrian Martinez,36784226,QB,4000,SEA@NYJ 12/01/2024 01:00PM ET,NYJ,0.0,Adrian Martinez,QB,Jets,0.0,0.0,2024-11-29 19:13:43
RB,Kenny McIntosh (36784373),Kenny McIntosh,36784373,RB/FLEX,4000,SEA@NYJ 12/01/2024 01:00PM ET,SEA,0.14,Kenny McIntosh,RB,Seahawks,0.0,0.0,2024-11-29 19:13:43
RB,Brittain Brown (36784375),Brittain Brown,36784375,RB/FLEX,4000,SEA@NYJ 12/01/2024 01:00PM ET,SEA,0.0,Brittain Brown,RB,Seahawks,0.0,0.0,2024-11-29 19:13:43
RB,Isaiah Davis (36784377),Isaiah Davis,36784377,RB/FLEX,4000,SEA@NYJ 12/01/2024 01:00PM ET,NYJ,0.34,Isaiah Davis,RB,Jets,0.0,0.0,2024-11-29 19:13:43
RB,Israel Abanikanda (36784379),Israel Abanikanda,36784379,RB/FLEX,4000,SEA@NYJ 12/01/2024 01:00PM ET,NYJ,0.0,Israel Abanikanda,RB,Jets,0.0,0.0,2024-11-29 19:13:43
RB,Kene Nwangwu (36784381),Kene Nwangwu,36784381,RB/FLEX,4000,SEA@NYJ 12/01/2024 01:00PM ET,NYJ,0.0,Kene Nwangwu,RB,Jets,0.0,0.0,2024-11-29 19:13:43
QB,Marcus Mariota (36784213),Marcus Mariota,36784213,QB,4000,TEN@WAS 12/01/2024 01:00PM ET,WAS,9.86,Marcus Mariota,QB,Commanders,0.0,0.0,2024-11-29 19:13:43
QB,Jeff Driskel (36784220),Jeff Driskel,36784220,QB,4000,TEN@WAS 12/01/2024 01:00PM ET,WAS,0.0,Jeff Driskel,QB,Commanders,0.0,0.0,2024-11-29 19:13:43
QB,Sam Hartman (36784221),Sam Hartman,36784221,QB,4000,TEN@WAS 12/01/2024 01:00PM ET,WAS,0.0,Sam Hartman,QB,Commanders,0.0,0.0,2024-11-29 19:13:43
QB,Trevor Siemian (36784222),Trevor Siemian,36784222,QB,4000,TEN@WAS 12/01/2024 01:00PM ET,TEN,0.0,Trevor Siemian,QB,Titans,0.0,0.0,2024-11-29 19:13:43
RB,Michael Wiley (36784365),Michael Wiley,36784365,RB/FLEX,4000,TEN@WAS 12/01/2024 01:00PM ET,WAS,0.0,Michael Wiley,RB,Commanders,0.0,0.0,2024-11-29 19:13:43
RB,Julius Chestnut (36784367),Julius Chestnut,36784367,RB/FLEX,4000,TEN@WAS 12/01/2024 01:00PM ET,TEN,0.96,Julius Chestnut,RB,Titans,0.0,0.0,2024-11-29 19:13:43
RB,Joshua Kelley (36784369),Joshua Kelley,36784369,RB/FLEX,4000,TEN@WAS 12/01/2024 01:00PM ET,TEN,0.0,Joshua Kelley,RB,Titans,0.0,0.0,2024-11-29 19:13:43
RB,Jabari Small (36784371),Jabari Small,36784371,RB/FLEX,4000,TEN@WAS 12/01/2024 01:00PM ET,TEN,0.0,Jabari Small,RB,Titans,0.0,0.0,2024-11-29 19:13:43
QB,Jack Plummer (36784217),Jack Plummer,36784217,QB,4000,TB@CAR 12/01/2024 04:05PM ET,CAR,0.0,Jack Plummer,QB,Panthers,0.0,0.0,2024-11-29 19:13:43
QB,Kyle Trask (36784218),Kyle Trask,36784218,QB,4000,TB@CAR 12/01/2024 04:05PM ET,TB,-0.2,Kyle Trask,QB,Buccaneers,0.0,0.0,2024-11-29 19:13:43
QB,Michael Pratt (36784219),Michael Pratt,36784219,QB,4000,TB@CAR 12/01/2024 04:05PM ET,TB,0.0,Michael Pratt,QB,Buccaneers,0.0,0.0,2024-11-29 19:13:43
RB,Raheem Blackshear (36784353),Raheem Blackshear,36784353,RB/FLEX,4000,TB@CAR 12/01/2024 04:05PM ET,CAR,0.0,Raheem Blackshear,RB,Panthers,0.0,0.0,2024-11-29 19:13:43
RB,Miles Sanders (36784355),Miles Sanders,36784355,RB/FLEX,4000,TB@CAR 12/01/2024 04:05PM ET,CAR,5.07,Miles Sanders,RB,Panthers,0.0,0.0,2024-11-29 19:13:43
RB,Dillon Johnson (36784357),Dillon Johnson,36784357,RB/FLEX,4000,TB@CAR 12/01/2024 04:05PM ET,CAR,0.0,Dillon Johnson,RB,Panthers,0.0,0.0,2024-11-29 19:13:43
RB,Mike Boone (36784359),Mike Boone,36784359,RB/FLEX,4000,TB@CAR 12/01/2024 04:05PM ET,CAR,0.35,Mike Boone,RB,Panthers,0.0,0.0,2024-11-29 19:13:43
RB,Chase Edmonds (36784361),Chase Edmonds,36784361,RB/FLEX,4000,TB@CAR 12/01/2024 04:05PM ET,TB,0.0,Chase Edmonds,RB,Buccaneers,0.0,0.0,2024-11-29 19:13:43
RB,D.J. Williams (36784363),D.J. Williams,36784363,RB/FLEX,4000,TB@CAR 12/01/2024 04:05PM ET,TB,0.0,D.J. Williams,RB,Buccaneers,0.0,0.0,2024-11-29 19:13:43
WR,Sterling Shepard (36784547),Sterling Shepard,36784547,WR/FLEX,4000,TB@CAR 12/01/2024 04:05PM ET,TB,5.86,Sterling Shepard,WR,Buccaneers,6.91,0.8,2024-11-29 19:13:43
QB,Stetson Bennett (36784216),Stetson Bennett,36784216,QB,4000,LAR@NO 12/01/2024 04:05PM ET,LAR,0.0,Stetson Bennett,QB,Rams,0.0,0.0,2024-11-29 19:13:43
RB,Jordan Mims (36784339),Jordan Mims,36784339,RB/FLEX,4000,LAR@NO 12/01/2024 04:05PM ET,NO,1.38,Jordan Mims,RB,Saints,1.12,0.0,2024-11-29 19:13:43
RB,Kendre Miller (36784341),Kendre Miller,36784341,RB/FLEX,4000,LAR@NO 12/01/2024 04:05PM ET,NO,3.65,Kendre Miller,RB,Saints,0.0,0.0,2024-11-29 19:13:43
RB,Jacob Kibodi (36784343),Jacob Kibodi,36784343,RB/FLEX,4000,LAR@NO 12/01/2024 04:05PM ET,NO,0.0,Jacob Kibodi,RB,Saints,0.0,0.0,2024-11-29 19:13:43
RB,Adam Prentice (36784345),Adam Prentice,36784345,RB/FLEX,4000,LAR@NO 12/01/2024 04:05PM ET,NO,0.0,Adam Prentice,RB,Saints,0.0,0.0,2024-11-29 19:13:43
RB,Xazavian Valladay (36784347),Xazavian Valladay,36784347,RB/FLEX,4000,LAR@NO 12/01/2024 04:05PM ET,NO,0.0,Xazavian Valladay,RB,Saints,0.0,0.0,2024-11-29 19:13:43
RB,Ronnie Rivers (36784349),Ronnie Rivers,36784349,RB/FLEX,4000,LAR@NO 12/01/2024 04:05PM ET,LAR,0.56,Ronnie Rivers,RB,Rams,0.0,0.0,2024-11-29 19:13:43
RB,Cody Schrader (36784351),Cody Schrader,36784351,RB/FLEX,4000,LAR@NO 12/01/2024 04:05PM ET,LAR,0.0,Cody Schrader,RB,Rams,0.0,0.0,2024-11-29 19:13:43
WR,Demarcus Robinson (36784543),Demarcus Robinson,36784543,WR/FLEX,4000,LAR@NO 12/01/2024 04:05PM ET,LAR,9.13,Demarcus Robinson,WR,Rams,7.48,1.0,2024-11-29 19:13:43
QB,Kenny Pickett (36784212),Kenny Pickett,36784212,QB,4000,PHI@BAL 12/01/2024 04:25PM ET,PHI,0.03,Kenny Pickett,QB,Eagles,0.0,0.0,2024-11-29 19:13:43
QB,Devin Leary (36784214),Devin Leary,36784214,QB,4000,PHI@BAL 12/01/2024 04:25PM ET,BAL,0.0,Devin Leary,QB,Ravens,0.0,0.0,2024-11-29 19:13:43
QB,Tanner McKee (36784215),Tanner McKee,36784215,QB,4000,PHI@BAL 12/01/2024 04:25PM ET,PHI,0.0,Tanner McKee,QB,Eagles,0.0,0.0,2024-11-29 19:13:43
RB,Rasheen Ali (36784329),Rasheen Ali,36784329,RB/FLEX,4000,PHI@BAL 12/01/2024 04:25PM ET,BAL,0.0,Rasheen Ali,RB,Ravens,0.0,0.0,2024-11-29 19:13:43
RB,Owen Wright (36784331),Owen Wright,36784331,RB/FLEX,4000,PHI@BAL 12/01/2024 04:25PM ET,BAL,0.0,Owen Wright,RB,Ravens,0.0,0.0,2024-11-29 19:13:43
RB,Patrick Ricard (36784333),Patrick Ricard,36784333,RB/FLEX,4000,PHI@BAL 12/01/2024 04:25PM ET,BAL,1.23,Patrick Ricard,RB,Ravens,0.0,0.0,2024-11-29 19:13:43
RB,Will Shipley (36784335),Will Shipley,36784335,RB/FLEX,4000,PHI@BAL 12/01/2024 04:25PM ET,PHI,0.42,Will Shipley,RB,Eagles,0.0,0.0,2024-11-29 19:13:43
RB,Tyrion Davis-Price (36784337),Tyrion Davis-Price,36784337,RB/FLEX,4000,PHI@BAL 12/01/2024 04:25PM ET,PHI,0.0,Tyrion Davis-Price,RB,Eagles,0.0,0.0,2024-11-29 19:13:43
WR,Parker Washington (36784551),Parker Washington,36784551,WR/FLEX,3900,HOU@JAX 12/01/2024 01:00PM ET,JAX,2.53,Parker Washington,WR,Jaguars,5.65,1.4,2024-11-29 19:13:43
WR,Adonai Mitchell (36784549),Adonai Mitchell,36784549,WR/FLEX,3900,IND@NE 12/01/2024 01:00PM ET,IND,4.0,Adonai Mitchell,WR,Colts,7.44,10.4,2024-11-29 19:13:43
TE,Mark Andrews (36784855),Mark Andrews,36784855,TE/FLEX,3900,PHI@BAL 12/01/2024 04:25PM ET,BAL,9.62,Mark Andrews,TE,Ravens,7.77,2.1,2024-11-29 19:13:43
WR,Tyler Boyd (36784553),Tyler Boyd,36784553,WR/FLEX,3800,TEN@WAS 12/01/2024 01:00PM ET,TEN,5.14,Tyler Boyd,WR,Titans,4.77,1.2,2024-11-29 19:13:43
TE,Zach Ertz (36784857),Zach Ertz,36784857,TE/FLEX,3800,TEN@WAS 12/01/2024 01:00PM ET,WAS,9.8,Zach Ertz,TE,Commanders,9.04,4.8,2024-11-29 19:13:43
WR,Jahan Dotson (36784555),Jahan Dotson,36784555,WR/FLEX,3800,PHI@BAL 12/01/2024 04:25PM ET,PHI,2.03,Jahan Dotson,WR,Eagles,2.13,0.0,2024-11-29 19:13:43
WR,Jalen McMillan (36784557),Jalen McMillan,36784557,WR/FLEX,3700,TB@CAR 12/01/2024 04:05PM ET,TB,4.54,Jalen McMillan,WR,Buccaneers,6.23,1.2,2024-11-29 19:13:43
WR,Jalen Coker (36784559),Jalen Coker,36784559,WR/FLEX,3700,TB@CAR 12/01/2024 04:05PM ET,CAR,7.04,Jalen Coker,WR,Panthers,6.88,0.0,2024-11-29 19:13:43
TE,Isaiah Likely (36784859),Isaiah Likely,36784859,TE/FLEX,3700,PHI@BAL 12/01/2024 04:25PM ET,BAL,7.51,Isaiah Likely,TE,Ravens,5.84,0.9,2024-11-29 19:13:43
WR,Andrei Iosivas (36784561),Andrei Iosivas,36784561,WR/FLEX,3600,PIT@CIN 12/01/2024 01:00PM ET,CIN,6.49,Andrei Iosivas,WR,Bengals,4.53,0.7,2024-11-29 19:13:43
TE,Noah Fant (36784861),Noah Fant,36784861,TE/FLEX,3600,SEA@NYJ 12/01/2024 01:00PM ET,SEA,6.94,Noah Fant,TE,Seahawks,6.72,0.6,2024-11-29 19:13:43
WR,Trey Palmer (36784563),Trey Palmer,36784563,WR/FLEX,3600,TB@CAR 12/01/2024 04:05PM ET,TB,3.34,Trey Palmer,WR,Buccaneers,4.24,0.1,2024-11-29 19:13:43
DST,Buccaneers  (36785055),Buccaneers ,36785055,DST,3600,TB@CAR 12/01/2024 04:05PM ET,TB,5.91,Tampa Bay Buccaneers,DST,Buccaneers,5.22,2.4,2024-11-29 19:13:43
WR,Tutu Atwell (36784565),Tutu Atwell,36784565,WR/FLEX,3600,LAR@NO 12/01/2024 04:05PM ET,LAR,6.64,Tutu Atwell,WR,Rams,3.5,0.0,2024-11-29 19:13:43
TE,Pat Freiermuth (36784863),Pat Freiermuth,36784863,TE/FLEX,3500,PIT@CIN 12/01/2024 01:00PM ET,PIT,7.94,Pat Freiermuth,TE,Steelers,6.75,0.9,2024-11-29 19:13:43
DST,Texans  (36785056),Texans ,36785056,DST,3500,HOU@JAX 12/01/2024 01:00PM ET,HOU,9.08,Houston Texans,DST,Texans,6.87,2.9,2024-11-29 19:13:43
WR,Jalen Nailor (36784569),Jalen Nailor,36784569,WR/FLEX,3500,ARI@MIN 12/01/2024 01:00PM ET,MIN,6.44,Jalen Nailor,WR,Vikings,4.86,0.3,2024-11-29 19:13:43
WR,Kendrick Bourne (36784571),Kendrick Bourne,36784571,WR/FLEX,3500,IND@NE 12/01/2024 01:00PM ET,NE,5.57,Kendrick Bourne,WR,Patriots,7.45,1.9,2024-11-29 19:13:43
WR,David Moore (36784567),David Moore,36784567,WR/FLEX,3500,TB@CAR 12/01/2024 04:05PM ET,CAR,4.11,David Moore,WR,Panthers,4.38,14.9,2024-11-29 19:13:43
WR,Tim Jones (36784577),Tim Jones,36784577,WR/FLEX,3400,HOU@JAX 12/01/2024 01:00PM ET,JAX,0.46,Tim Jones,WR,Jaguars,2.15,0.0,2024-11-29 19:13:43
WR,Greg Dortch (36784575),Greg Dortch,36784575,WR/FLEX,3400,ARI@MIN 12/01/2024 01:00PM ET,ARI,4.33,Greg Dortch,WR,Cardinals,2.65,0.1,2024-11-29 19:13:43
WR,Kayshon Boutte (36784573),Kayshon Boutte,36784573,WR/FLEX,3400,IND@NE 12/01/2024 01:00PM ET,NE,5.69,Kayshon Boutte,WR,Patriots,8.39,4.8,2024-11-29 19:13:43
DST,Commanders  (36785057),Commanders ,36785057,DST,3400,TEN@WAS 12/01/2024 01:00PM ET,WAS,5.17,Washington Commanders,DST,Commanders,10.25,7.2,2024-11-29 19:13:43
TE,Ja'Tavion Sanders (36784865),Ja'Tavion Sanders,36784865,TE/FLEX,3400,TB@CAR 12/01/2024 04:05PM ET,CAR,5.93,Ja'Tavion Sanders,TE,Panthers,3.32,0.0,2024-11-29 19:13:43
WR,DJ Chark (36784585),DJ Chark,36784585,WR/FLEX,3300,LAC@ATL 12/01/2024 01:00PM ET,LAC,0.0,DJ Chark Jr.,WR,Chargers,0.0,0.0,2024-11-29 19:13:43
WR,Calvin Austin III (36784579),Calvin Austin III,36784579,WR/FLEX,3300,PIT@CIN 12/01/2024 01:00PM ET,PIT,7.22,Calvin Austin III,WR,Steelers,6.94,2.5,2024-11-29 19:13:43
TE,Dalton Schultz (36784867),Dalton Schultz,36784867,TE/FLEX,3300,HOU@JAX 12/01/2024 01:00PM ET,HOU,6.02,Dalton Schultz,TE,Texans,8.14,3.7,2024-11-29 19:13:43
DST,Vikings  (36785058),Vikings ,36785058,DST,3300,ARI@MIN 12/01/2024 01:00PM ET,MIN,11.46,Minnesota Vikings,DST,Vikings,4.73,2.8,2024-11-29 19:13:43
WR,Olamide Zaccheaus (36784583),Olamide Zaccheaus,36784583,WR/FLEX,3300,TEN@WAS 12/01/2024 01:00PM ET,WAS,4.0,Olamide Zaccheaus,WR,Commanders,3.58,0.1,2024-11-29 19:13:43
WR,Jordan Whittington (36784581),Jordan Whittington,36784581,WR/FLEX,3300,LAR@NO 12/01/2024 04:05PM ET,LAR,4.23,Jordan Whittington,WR,Rams,0.0,0.0,2024-11-29 19:13:43
WR,Van Jefferson (36784587),Van Jefferson,36784587,WR/FLEX,3200,PIT@CIN 12/01/2024 01:00PM ET,PIT,3.62,Van Jefferson,WR,Steelers,2.89,0.1,2024-11-29 19:13:43
WR,Ja'Lynn Polk (36784589),Ja'Lynn Polk,36784589,WR/FLEX,3200,IND@NE 12/01/2024 01:00PM ET,NE,2.97,Ja'Lynn Polk,WR,Patriots,2.46,0.0,2024-11-29 19:13:43
TE,Austin Hooper (36784871),Austin Hooper,36784871,TE/FLEX,3200,IND@NE 12/01/2024 01:00PM ET,NE,5.62,Austin Hooper,TE,Patriots,5.5,0.7,2024-11-29 19:13:43
DST,Seahawks  (36785059),Seahawks ,36785059,DST,3200,SEA@NYJ 12/01/2024 01:00PM ET,SEA,8.09,Seattle Seahawks,DST,Seahawks,5.8,2.5,2024-11-29 19:13:43
WR,Luke McCaffrey (36784593),Luke McCaffrey,36784593,WR/FLEX,3200,TEN@WAS 12/01/2024 01:00PM ET,WAS,2.35,Luke McCaffrey,WR,Commanders,2.12,0.1,2024-11-29 19:13:43
WR,Kevin Austin Jr. (36784595),Kevin Austin Jr.,36784595,WR/FLEX,3200,LAR@NO 12/01/2024 04:05PM ET,NO,4.2,Kevin Austin Jr.,WR,Saints,4.56,1.6,2024-11-29 19:13:43
TE,Tyler Higbee (36784869),Tyler Higbee,36784869,TE/FLEX,3200,LAR@NO 12/01/2024 04:05PM ET,LAR,0.0,Tyler Higbee,TE,Rams,0.0,0.0,2024-11-29 19:13:43
WR,Nelson Agholor (36784591),Nelson Agholor,36784591,WR/FLEX,3200,PHI@BAL 12/01/2024 04:25PM ET,BAL,3.79,Nelson Agholor,WR,Ravens,2.49,0.0,2024-11-29 19:13:43
DST,Chargers  (36785060),Chargers ,36785060,DST,3100,LAC@ATL 12/01/2024 01:00PM ET,LAC,8.09,Los Angeles Chargers,DST,Chargers,6.51,2.2,2024-11-29 19:13:43
WR,Jermaine Burton (36784603),Jermaine Burton,36784603,WR/FLEX,3100,PIT@CIN 12/01/2024 01:00PM ET,CIN,1.63,Jermaine Burton,WR,Bengals,4.77,0.0,2024-11-29 19:13:43
WR,Robert Woods (36784597),Robert Woods,36784597,WR/FLEX,3100,HOU@JAX 12/01/2024 01:00PM ET,HOU,2.22,Robert Woods,WR,Texans,2.7,0.0,2024-11-29 19:13:43
WR,Dyami Brown (36784599),Dyami Brown,36784599,WR/FLEX,3100,TEN@WAS 12/01/2024 01:00PM ET,WAS,3.38,Dyami Brown,WR,Commanders,2.99,0.3,2024-11-29 19:13:43
TE,Chig Okonkwo (36784875),Chig Okonkwo,36784875,TE/FLEX,3100,TEN@WAS 12/01/2024 01:00PM ET,TEN,5.56,Chig Okonkwo,TE,Titans,5.11,0.7,2024-11-29 19:13:43
WR,Ryan Miller (36784601),Ryan Miller,36784601,WR/FLEX,3100,TB@CAR 12/01/2024 04:05PM ET,TB,4.28,Ryan Miller,WR,Buccaneers,2.03,0.0,2024-11-29 19:13:43
WR,Dante Pettis (36784607),Dante Pettis,36784607,WR/FLEX,3100,LAR@NO 12/01/2024 04:05PM ET,NO,1.85,Dante Pettis,WR,Saints,0.0,0.0,2024-11-29 19:13:43
TE,Juwan Johnson (36784873),Juwan Johnson,36784873,TE/FLEX,3100,LAR@NO 12/01/2024 04:05PM ET,NO,5.88,Juwan Johnson,TE,Saints,6.57,2.4,2024-11-29 19:13:43
WR,Tylan Wallace (36784605),Tylan Wallace,36784605,WR/FLEX,3100,PHI@BAL 12/01/2024 04:25PM ET,BAL,2.74,Tylan Wallace,WR,Ravens,0.0,0.0,2024-11-29 19:13:43
WR,Jalen Reagor (36784809),Jalen Reagor,36784809,WR/FLEX,3000,LAC@ATL 12/01/2024 01:00PM ET,LAC,2.38,Jalen Reagor,WR,Chargers,2.89,0.1,2024-11-29 19:13:43
WR,Derius Davis (36784811),Derius Davis,36784811,WR/FLEX,3000,LAC@ATL 12/01/2024 01:00PM ET,LAC,1.51,Derius Davis,WR,Chargers,2.28,0.0,2024-11-29 19:13:43
WR,Simi Fehoko (36784813),Simi Fehoko,36784813,WR/FLEX,3000,LAC@ATL 12/01/2024 01:00PM ET,LAC,2.08,Simi Fehoko,WR,Chargers,0.0,0.0,2024-11-29 19:13:43
WR,Brenden Rice (36784815),Brenden Rice,36784815,WR/FLEX,3000,LAC@ATL 12/01/2024 01:00PM ET,LAC,0.0,Brenden Rice,WR,Chargers,0.0,0.0,2024-11-29 19:13:43
WR,Dez Fitzpatrick (36784817),Dez Fitzpatrick,36784817,WR/FLEX,3000,LAC@ATL 12/01/2024 01:00PM ET,LAC,0.0,Dez Fitzpatrick,WR,Chargers,0.0,0.0,2024-11-29 19:13:43
WR,Jaylen Johnson (36784819),Jaylen Johnson,36784819,WR/FLEX,3000,LAC@ATL 12/01/2024 01:00PM ET,LAC,0.0,Jaylen Johnson,WR,Chargers,0.0,0.0,2024-11-29 19:13:43
WR,KhaDarel Hodge (36784821),KhaDarel Hodge,36784821,WR/FLEX,3000,LAC@ATL 12/01/2024 01:00PM ET,ATL,1.89,KhaDarel Hodge,WR,Falcons,0.0,0.0,2024-11-29 19:13:43
WR,Casey Washington (36784823),Casey Washington,36784823,WR/FLEX,3000,LAC@ATL 12/01/2024 01:00PM ET,ATL,0.34,Casey Washington,WR,Falcons,0.0,0.0,2024-11-29 19:13:43
WR,Rondale Moore (36784825),Rondale Moore,36784825,WR/FLEX,3000,LAC@ATL 12/01/2024 01:00PM ET,ATL,0.0,Rondale Moore,WR,Falcons,0.0,0.0,2024-11-29 19:13:43
WR,Phillip Dorsett II (36784827),Phillip Dorsett II,36784827,WR/FLEX,3000,LAC@ATL 12/01/2024 01:00PM ET,ATL,0.0,Phillip Dorsett II,WR,Falcons,0.0,0.0,2024-11-29 19:13:43
WR,Chris Blair (36784829),Chris Blair,36784829,WR/FLEX,3000,LAC@ATL 12/01/2024 01:00PM ET,ATL,0.0,Chris Blair,WR,Falcons,0.0,0.0,2024-11-29 19:13:43
WR,Jesse Matthews (36784831),Jesse Matthews,36784831,WR/FLEX,3000,LAC@ATL 12/01/2024 01:00PM ET,ATL,0.0,Jesse Matthews,WR,Falcons,0.0,0.0,2024-11-29 19:13:43
WR,Dylan Drummond (36784833),Dylan Drummond,36784833,WR/FLEX,3000,LAC@ATL 12/01/2024 01:00PM ET,ATL,0.0,Dylan Drummond,WR,Falcons,0.0,0.0,2024-11-29 19:13:43
WR,Ben Skowronek (36784787),Ben Skowronek,36784787,WR/FLEX,3000,PIT@CIN 12/01/2024 01:00PM ET,PIT,0.28,Ben Skowronek,WR,Steelers,0.0,0.0,2024-11-29 19:13:43
WR,Scotty Miller (36784789),Scotty Miller,36784789,WR/FLEX,3000,PIT@CIN 12/01/2024 01:00PM ET,PIT,0.57,Scotty Miller,WR,Steelers,0.0,0.0,2024-11-29 19:13:43
WR,Roman Wilson (36784791),Roman Wilson,36784791,WR/FLEX,3000,PIT@CIN 12/01/2024 01:00PM ET,PIT,0.0,Roman Wilson,WR,Steelers,0.0,0.0,2024-11-29 19:13:43
WR,Jamal Agnew (36784793),Jamal Agnew,36784793,WR/FLEX,3000,PIT@CIN 12/01/2024 01:00PM ET,PIT,0.0,Jamal Agnew,WR,Steelers,0.0,0.0,2024-11-29 19:13:43
WR,Brandon Johnson (36784795),Brandon Johnson,36784795,WR/FLEX,3000,PIT@CIN 12/01/2024 01:00PM ET,PIT,0.63,Brandon Johnson,WR,Steelers,0.0,0.0,2024-11-29 19:13:43
WR,Quez Watkins (36784797),Quez Watkins,36784797,WR/FLEX,3000,PIT@CIN 12/01/2024 01:00PM ET,PIT,0.0,Quez Watkins,WR,Steelers,0.0,0.0,2024-11-29 19:13:43
WR,Trenton Irwin (36784799),Trenton Irwin,36784799,WR/FLEX,3000,PIT@CIN 12/01/2024 01:00PM ET,CIN,0.64,Trenton Irwin,WR,Bengals,0.0,0.0,2024-11-29 19:13:43
WR,Charlie Jones (36784801),Charlie Jones,36784801,WR/FLEX,3000,PIT@CIN 12/01/2024 01:00PM ET,CIN,0.81,Charlie Jones,WR,Bengals,0.0,0.0,2024-11-29 19:13:43
WR,Isaiah Williams (36784803),Isaiah Williams,36784803,WR/FLEX,3000,PIT@CIN 12/01/2024 01:00PM ET,CIN,1.3,Isaiah Williams,WR,Bengals,0.0,0.0,2024-11-29 19:13:43
WR,Kendric Pryor (36784805),Kendric Pryor,36784805,WR/FLEX,3000,PIT@CIN 12/01/2024 01:00PM ET,CIN,1.9,Kendric Pryor,WR,Bengals,0.0,0.0,2024-11-29 19:13:43
WR,Cole Burgess (36784807),Cole Burgess,36784807,WR/FLEX,3000,PIT@CIN 12/01/2024 01:00PM ET,CIN,0.0,Cole Burgess,WR,Bengals,0.0,0.0,2024-11-29 19:13:43
DST,Steelers  (36785061),Steelers ,36785061,DST,3000,PIT@CIN 12/01/2024 01:00PM ET,PIT,9.46,Pittsburgh Steelers,DST,Steelers,3.79,2.5,2024-11-29 19:13:43
WR,Gabe Davis (36784609),Gabe Davis,36784609,WR/FLEX,3000,HOU@JAX 12/01/2024 01:00PM ET,JAX,5.49,Gabe Davis,WR,Jaguars,0.0,0.0,2024-11-29 19:13:43
WR,Xavier Hutchinson (36784611),Xavier Hutchinson,36784611,WR/FLEX,3000,HOU@JAX 12/01/2024 01:00PM ET,HOU,1.17,Xavier Hutchinson,WR,Texans,1.96,0.0,2024-11-29 19:13:43
WR,Devin Duvernay (36784761),Devin Duvernay,36784761,WR/FLEX,3000,HOU@JAX 12/01/2024 01:00PM ET,JAX,0.27,Devin Duvernay,WR,Jaguars,2.58,0.1,2024-11-29 19:13:43
WR,Christian Kirk (36784763),Christian Kirk,36784763,WR/FLEX,3000,HOU@JAX 12/01/2024 01:00PM ET,JAX,8.86,Christian Kirk,WR,Jaguars,0.0,0.0,2024-11-29 19:13:43
WR,David White Jr. (36784765),David White Jr.,36784765,WR/FLEX,3000,HOU@JAX 12/01/2024 01:00PM ET,JAX,0.0,David White Jr.,WR,Jaguars,0.0,0.0,2024-11-29 19:13:43
WR,Austin Trammell (36784767),Austin Trammell,36784767,WR/FLEX,3000,HOU@JAX 12/01/2024 01:00PM ET,JAX,5.0,Austin Trammell,WR,Jaguars,0.0,0.0,2024-11-29 19:13:43
WR,Louis Rees-Zammit (36784769),Louis Rees-Zammit,36784769,WR/FLEX,3000,HOU@JAX 12/01/2024 01:00PM ET,JAX,0.0,Louis Rees-Zammit,WR,Jaguars,0.0,0.0,2024-11-29 19:13:43
WR,Joshua Cephus (36784771),Joshua Cephus,36784771,WR/FLEX,3000,HOU@JAX 12/01/2024 01:00PM ET,JAX,0.0,Joshua Cephus,WR,Jaguars,0.0,0.0,2024-11-29 19:13:43
WR,Elijah Cooks (36784773),Elijah Cooks,36784773,WR/FLEX,3000,HOU@JAX 12/01/2024 01:00PM ET,JAX,0.0,Elijah Cooks,WR,Jaguars,0.0,0.0,2024-11-29 19:13:43
WR,Velus Jones Jr. (36784775),Velus Jones Jr.,36784775,WR/FLEX,3000,HOU@JAX 12/01/2024 01:00PM ET,JAX,1.9,Velus Jones Jr.,WR,Jaguars,0.0,0.0,2024-11-29 19:13:43
WR,Steven Sims (36784777),Steven Sims,36784777,WR/FLEX,3000,HOU@JAX 12/01/2024 01:00PM ET,HOU,-0.14,Steven Sims,WR,Texans,0.0,0.0,2024-11-29 19:13:43
WR,Stefon Diggs (36784779),Stefon Diggs,36784779,WR/FLEX,3000,HOU@JAX 12/01/2024 01:00PM ET,HOU,15.24,Stefon Diggs,WR,Texans,0.0,0.0,2024-11-29 19:13:43
WR,Jared Wayne (36784781),Jared Wayne,36784781,WR/FLEX,3000,HOU@JAX 12/01/2024 01:00PM ET,HOU,0.0,Jared Wayne,WR,Texans,0.0,0.0,2024-11-29 19:13:43
WR,Xavier Johnson (36784783),Xavier Johnson,36784783,WR/FLEX,3000,HOU@JAX 12/01/2024 01:00PM ET,HOU,0.0,Xavier Johnson,WR,Texans,0.0,0.0,2024-11-29 19:13:43
WR,Johnny Johnson III (36784785),Johnny Johnson III,36784785,WR/FLEX,3000,HOU@JAX 12/01/2024 01:00PM ET,HOU,0.0,Johnny Johnson III,WR,Texans,0.0,0.0,2024-11-29 19:13:43
WR,Zay Jones (36784615),Zay Jones,36784615,WR/FLEX,3000,ARI@MIN 12/01/2024 01:00PM ET,ARI,0.26,Zay Jones,WR,Cardinals,1.94,0.0,2024-11-29 19:13:43
WR,Xavier Weaver (36784741),Xavier Weaver,36784741,WR/FLEX,3000,ARI@MIN 12/01/2024 01:00PM ET,ARI,0.0,Xavier Weaver,WR,Cardinals,0.0,0.0,2024-11-29 19:13:43
WR,Zach Pascal (36784743),Zach Pascal,36784743,WR/FLEX,3000,ARI@MIN 12/01/2024 01:00PM ET,ARI,0.0,Zach Pascal,WR,Cardinals,0.0,0.0,2024-11-29 19:13:43
WR,Andre Baccellia (36784745),Andre Baccellia,36784745,WR/FLEX,3000,ARI@MIN 12/01/2024 01:00PM ET,ARI,0.0,Andre Baccellia,WR,Cardinals,0.0,0.0,2024-11-29 19:13:43
WR,Tejhaun Palmer (36784747),Tejhaun Palmer,36784747,WR/FLEX,3000,ARI@MIN 12/01/2024 01:00PM ET,ARI,0.0,Tejhaun Palmer,WR,Cardinals,0.0,0.0,2024-11-29 19:13:43
WR,Brandon Powell (36784749),Brandon Powell,36784749,WR/FLEX,3000,ARI@MIN 12/01/2024 01:00PM ET,MIN,0.92,Brandon Powell,WR,Vikings,0.0,0.0,2024-11-29 19:13:43
WR,Trent Sherfield Sr. (36784751),Trent Sherfield Sr.,36784751,WR/FLEX,3000,ARI@MIN 12/01/2024 01:00PM ET,MIN,1.88,Trent Sherfield Sr.,WR,Vikings,0.0,0.0,2024-11-29 19:13:43
WR,Lucky Jackson (36784753),Lucky Jackson,36784753,WR/FLEX,3000,ARI@MIN 12/01/2024 01:00PM ET,MIN,0.0,Lucky Jackson,WR,Vikings,0.0,0.0,2024-11-29 19:13:43
WR,Thayer Thomas (36784755),Thayer Thomas,36784755,WR/FLEX,3000,ARI@MIN 12/01/2024 01:00PM ET,MIN,0.0,Thayer Thomas,WR,Vikings,0.0,0.0,2024-11-29 19:13:43
WR,Jeshaun Jones (36784757),Jeshaun Jones,36784757,WR/FLEX,3000,ARI@MIN 12/01/2024 01:00PM ET,MIN,0.0,Jeshaun Jones,WR,Vikings,0.0,0.0,2024-11-29 19:13:43
WR,Trishton Jackson (36784759),Trishton Jackson,36784759,WR/FLEX,3000,ARI@MIN 12/01/2024 01:00PM ET,MIN,0.0,Trishton Jackson,WR,Vikings,0.0,0.0,2024-11-29 19:13:43
WR,Javon Baker (36784721),Javon Baker,36784721,WR/FLEX,3000,IND@NE 12/01/2024 01:00PM ET,NE,0.0,Javon Baker,WR,Patriots,0.0,0.0,2024-11-29 19:13:43
WR,K.J. Osborn (36784723),K.J. Osborn,36784723,WR/FLEX,3000,IND@NE 12/01/2024 01:00PM ET,NE,2.67,K.J. Osborn,WR,Patriots,0.0,0.0,2024-11-29 19:13:43
WR,JaQuae Jackson (36784725),JaQuae Jackson,36784725,WR/FLEX,3000,IND@NE 12/01/2024 01:00PM ET,NE,0.0,JaQuae Jackson,WR,Patriots,0.0,0.0,2024-11-29 19:13:43
WR,John Jiles (36784727),John Jiles,36784727,WR/FLEX,3000,IND@NE 12/01/2024 01:00PM ET,NE,0.0,John Jiles,WR,Patriots,0.0,0.0,2024-11-29 19:13:43
WR,Braylon Sanders (36784729),Braylon Sanders,36784729,WR/FLEX,3000,IND@NE 12/01/2024 01:00PM ET,NE,0.0,Braylon Sanders,WR,Patriots,0.0,0.0,2024-11-29 19:13:43
WR,Ashton Dulin (36784731),Ashton Dulin,36784731,WR/FLEX,3000,IND@NE 12/01/2024 01:00PM ET,IND,1.6,Ashton Dulin,WR,Colts,3.69,0.2,2024-11-29 19:13:43
WR,Anthony Gould (36784733),Anthony Gould,36784733,WR/FLEX,3000,IND@NE 12/01/2024 01:00PM ET,IND,0.0,Anthony Gould,WR,Colts,0.0,0.0,2024-11-29 19:13:43
WR,Juwann Winfree (36784735),Juwann Winfree,36784735,WR/FLEX,3000,IND@NE 12/01/2024 01:00PM ET,IND,0.0,Juwann Winfree,WR,Colts,0.0,0.0,2024-11-29 19:13:43
WR,D.J. Montgomery (36784737),D.J. Montgomery,36784737,WR/FLEX,3000,IND@NE 12/01/2024 01:00PM ET,IND,0.0,D.J. Montgomery,WR,Colts,0.0,0.0,2024-11-29 19:13:43
WR,Laquon Treadwell (36784739),Laquon Treadwell,36784739,WR/FLEX,3000,IND@NE 12/01/2024 01:00PM ET,IND,0.0,Laquon Treadwell,WR,Colts,0.0,0.0,2024-11-29 19:13:43
WR,Jake Bobo (36784697),Jake Bobo,36784697,WR/FLEX,3000,SEA@NYJ 12/01/2024 01:00PM ET,SEA,1.72,Jake Bobo,WR,Seahawks,1.58,0.1,2024-11-29 19:13:43
WR,Laviska Shenault Jr. (36784699),Laviska Shenault Jr.,36784699,WR/FLEX,3000,SEA@NYJ 12/01/2024 01:00PM ET,SEA,1.37,Laviska Shenault Jr.,WR,Seahawks,0.0,0.0,2024-11-29 19:13:43
WR,Dareke Young (36784701),Dareke Young,36784701,WR/FLEX,3000,SEA@NYJ 12/01/2024 01:00PM ET,SEA,0.0,Dareke Young,WR,Seahawks,0.0,0.0,2024-11-29 19:13:43
WR,Cody White (36784703),Cody White,36784703,WR/FLEX,3000,SEA@NYJ 12/01/2024 01:00PM ET,SEA,2.13,Cody White,WR,Seahawks,0.0,0.0,2024-11-29 19:13:43
WR,Miles Boykin (36784705),Miles Boykin,36784705,WR/FLEX,3000,SEA@NYJ 12/01/2024 01:00PM ET,SEA,0.0,Miles Boykin,WR,Seahawks,0.0,0.0,2024-11-29 19:13:43
WR,Xavier Gipson (36784707),Xavier Gipson,36784707,WR/FLEX,3000,SEA@NYJ 12/01/2024 01:00PM ET,NYJ,1.36,Xavier Gipson,WR,Jets,2.8,0.1,2024-11-29 19:13:43
WR,Malachi Corley (36784709),Malachi Corley,36784709,WR/FLEX,3000,SEA@NYJ 12/01/2024 01:00PM ET,NYJ,0.77,Malachi Corley,WR,Jets,2.66,0.1,2024-11-29 19:13:43
WR,Irvin Charles (36784711),Irvin Charles,36784711,WR/FLEX,3000,SEA@NYJ 12/01/2024 01:00PM ET,NYJ,0.0,Irvin Charles,WR,Jets,0.0,0.0,2024-11-29 19:13:43
WR,Malik Taylor (36784713),Malik Taylor,36784713,WR/FLEX,3000,SEA@NYJ 12/01/2024 01:00PM ET,NYJ,0.0,Malik Taylor,WR,Jets,0.0,0.0,2024-11-29 19:13:43
WR,Jason Brownlee (36784715),Jason Brownlee,36784715,WR/FLEX,3000,SEA@NYJ 12/01/2024 01:00PM ET,NYJ,0.0,Jason Brownlee,WR,Jets,0.0,0.0,2024-11-29 19:13:43
WR,Brandon Smith (36784717),Brandon Smith,36784717,WR/FLEX,3000,SEA@NYJ 12/01/2024 01:00PM ET,NYJ,0.0,Brandon Smith,WR,Jets,0.0,0.0,2024-11-29 19:13:43
WR,Marcus Riley (36784719),Marcus Riley,36784719,WR/FLEX,3000,SEA@NYJ 12/01/2024 01:00PM ET,NYJ,0.0,Marcus Riley,WR,Jets,0.0,0.0,2024-11-29 19:13:43
TE,AJ Barner (36784877),AJ Barner,36784877,TE/FLEX,3000,SEA@NYJ 12/01/2024 01:00PM ET,SEA,3.78,AJ Barner,TE,Seahawks,2.75,0.1,2024-11-29 19:13:43
TE,Tyler Conklin (36784881),Tyler Conklin,36784881,TE/FLEX,3000,SEA@NYJ 12/01/2024 01:00PM ET,NYJ,6.02,Tyler Conklin,TE,Jets,5.5,0.9,2024-11-29 19:13:43
WR,Jamison Crowder (36784675),Jamison Crowder,36784675,WR/FLEX,3000,TEN@WAS 12/01/2024 01:00PM ET,WAS,0.75,Jamison Crowder,WR,Commanders,0.0,0.0,2024-11-29 19:13:43
WR,Mike Strachan (36784677),Mike Strachan,36784677,WR/FLEX,3000,TEN@WAS 12/01/2024 01:00PM ET,WAS,0.0,Michael Strachan,WR,Commanders,0.0,0.0,2024-11-29 19:13:43
WR,Brycen Tremayne (36784679),Brycen Tremayne,36784679,WR/FLEX,3000,TEN@WAS 12/01/2024 01:00PM ET,WAS,0.8,Brycen Tremayne,WR,Commanders,0.0,0.0,2024-11-29 19:13:43
WR,Kazmeir Allen (36784681),Kazmeir Allen,36784681,WR/FLEX,3000,TEN@WAS 12/01/2024 01:00PM ET,WAS,0.0,Kazmeir Allen,WR,Commanders,0.0,0.0,2024-11-29 19:13:43
WR,Mitchell Tinsley (36784683),Mitchell Tinsley,36784683,WR/FLEX,3000,TEN@WAS 12/01/2024 01:00PM ET,WAS,0.0,Mitchell Tinsley,WR,Commanders,0.0,0.0,2024-11-29 19:13:43
WR,Bryce Oliver (36784685),Bryce Oliver,36784685,WR/FLEX,3000,TEN@WAS 12/01/2024 01:00PM ET,TEN,2.15,Bryce Oliver,WR,Titans,0.0,0.0,2024-11-29 19:13:43
WR,Jha'Quan Jackson (36784687),Jha'Quan Jackson,36784687,WR/FLEX,3000,TEN@WAS 12/01/2024 01:00PM ET,TEN,0.03,Jha'Quan Jackson,WR,Titans,0.0,0.0,2024-11-29 19:13:43
WR,Treylon Burks (36784689),Treylon Burks,36784689,WR/FLEX,3000,TEN@WAS 12/01/2024 01:00PM ET,TEN,1.5,Treylon Burks,WR,Titans,0.0,0.0,2024-11-29 19:13:43
WR,Colton Dowell (36784691),Colton Dowell,36784691,WR/FLEX,3000,TEN@WAS 12/01/2024 01:00PM ET,TEN,0.0,Colton Dowell,WR,Titans,0.0,0.0,2024-11-29 19:13:43
WR,Tay Martin (36784693),Tay Martin,36784693,WR/FLEX,3000,TEN@WAS 12/01/2024 01:00PM ET,TEN,0.0,Tay Martin,WR,Titans,0.0,0.0,2024-11-29 19:13:43
WR,Mason Kinsey (36784695),Mason Kinsey,36784695,WR/FLEX,3000,TEN@WAS 12/01/2024 01:00PM ET,TEN,0.0,Mason Kinsey,WR,Titans,0.0,0.0,2024-11-29 19:13:43
WR,Rakim Jarrett (36784613),Rakim Jarrett,36784613,WR/FLEX,3000,TB@CAR 12/01/2024 04:05PM ET,TB,4.42,Rakim Jarrett,WR,Buccaneers,2.62,0.0,2024-11-29 19:13:43
WR,Deven Thompkins (36784657),Deven Thompkins,36784657,WR/FLEX,3000,TB@CAR 12/01/2024 04:05PM ET,CAR,1.37,Deven Thompkins,WR,Panthers,1.04,0.0,2024-11-29 19:13:43
WR,Dan Chisena (36784659),Dan Chisena,36784659,WR/FLEX,3000,TB@CAR 12/01/2024 04:05PM ET,CAR,0.0,Dan Chisena,WR,Panthers,0.0,0.0,2024-11-29 19:13:43
WR,Praise Olatoke (36784661),Praise Olatoke,36784661,WR/FLEX,3000,TB@CAR 12/01/2024 04:05PM ET,CAR,0.0,Praise Olatoke,WR,Panthers,0.0,0.0,2024-11-29 19:13:43
WR,Dax Milne (36784663),Dax Milne,36784663,WR/FLEX,3000,TB@CAR 12/01/2024 04:05PM ET,CAR,0.0,Dax Milne,WR,Panthers,0.0,0.0,2024-11-29 19:13:43
WR,Chris Godwin (36784665),Chris Godwin,36784665,WR/FLEX,3000,TB@CAR 12/01/2024 04:05PM ET,TB,20.54,Chris Godwin,WR,Buccaneers,0.0,0.0,2024-11-29 19:13:43
WR,Kameron Johnson (36784667),Kameron Johnson,36784667,WR/FLEX,3000,TB@CAR 12/01/2024 04:05PM ET,TB,0.0,Kameron Johnson,WR,Buccaneers,0.0,0.0,2024-11-29 19:13:43
WR,Dennis Houston (36784669),Dennis Houston,36784669,WR/FLEX,3000,TB@CAR 12/01/2024 04:05PM ET,TB,0.0,Dennis Houston,WR,Buccaneers,0.0,0.0,2024-11-29 19:13:43
WR,Tanner Knue (36784671),Tanner Knue,36784671,WR/FLEX,3000,TB@CAR 12/01/2024 04:05PM ET,TB,0.0,Tanner Knue,WR,Buccaneers,0.0,0.0,2024-11-29 19:13:43
WR,Marquez Callaway (36784673),Marquez Callaway,36784673,WR/FLEX,3000,TB@CAR 12/01/2024 04:05PM ET,TB,0.0,Marquez Callaway,WR,Buccaneers,0.0,0.0,2024-11-29 19:13:43
WR,Bub Means (36784641),Bub Means,36784641,WR/FLEX,3000,LAR@NO 12/01/2024 04:05PM ET,NO,3.83,Bub Means,WR,Saints,0.0,0.0,2024-11-29 19:13:43
WR,Rashid Shaheed (36784643),Rashid Shaheed,36784643,WR/FLEX,3000,LAR@NO 12/01/2024 04:05PM ET,NO,13.47,Rashid Shaheed,WR,Saints,0.0,0.0,2024-11-29 19:13:43
WR,Equanimeous St. Brown (36784645),Equanimeous St. Brown,36784645,WR/FLEX,3000,LAR@NO 12/01/2024 04:05PM ET,NO,0.0,Equanimeous St. Brown,WR,Saints,0.0,0.0,2024-11-29 19:13:43
WR,Jermaine Jackson (36784647),Jermaine Jackson,36784647,WR/FLEX,3000,LAR@NO 12/01/2024 04:05PM ET,NO,-0.02,Jermaine Jackson,WR,Saints,0.0,0.0,2024-11-29 19:13:43
WR,Tyler Johnson (36784649),Tyler Johnson,36784649,WR/FLEX,3000,LAR@NO 12/01/2024 04:05PM ET,LAR,4.33,Tyler Johnson,WR,Rams,2.42,0.0,2024-11-29 19:13:43
WR,Xavier Smith (36784651),Xavier Smith,36784651,WR/FLEX,3000,LAR@NO 12/01/2024 04:05PM ET,LAR,0.62,Xavier Smith,WR,Rams,0.0,0.0,2024-11-29 19:13:43
WR,Drake Stoops (36784653),Drake Stoops,36784653,WR/FLEX,3000,LAR@NO 12/01/2024 04:05PM ET,LAR,0.0,Drake Stoops,WR,Rams,0.0,0.0,2024-11-29 19:13:43
WR,Quintez Cephus (36784655),Quintez Cephus,36784655,WR/FLEX,3000,LAR@NO 12/01/2024 04:05PM ET,LAR,0.0,Quintez Cephus,WR,Rams,0.0,0.0,2024-11-29 19:13:43
TE,Foster Moreau (36784879),Foster Moreau,36784879,TE/FLEX,3000,LAR@NO 12/01/2024 04:05PM ET,NO,4.97,Foster Moreau,TE,Saints,5.52,0.5,2024-11-29 19:13:43
WR,Devontez Walker (36784617),Devontez Walker,36784617,WR/FLEX,3000,PHI@BAL 12/01/2024 04:25PM ET,BAL,0.0,Devontez Walker,WR,Ravens,0.0,0.0,2024-11-29 19:13:43
WR,Deonte Harty (36784619),Deonte Harty,36784619,WR/FLEX,3000,PHI@BAL 12/01/2024 04:25PM ET,BAL,0.0,Deonte Harty,WR,Ravens,0.0,0.0,2024-11-29 19:13:43
WR,Dayton Wade (36784621),Dayton Wade,36784621,WR/FLEX,3000,PHI@BAL 12/01/2024 04:25PM ET,BAL,0.0,Dayton Wade,WR,Ravens,0.0,0.0,2024-11-29 19:13:43
WR,Anthony Miller (36784623),Anthony Miller,36784623,WR/FLEX,3000,PHI@BAL 12/01/2024 04:25PM ET,BAL,0.0,Anthony Miller,WR,Ravens,0.0,0.0,2024-11-29 19:13:43
WR,Malik Cunningham (36784625),Malik Cunningham,36784625,WR/FLEX,3000,PHI@BAL 12/01/2024 04:25PM ET,BAL,0.0,Malik Cunningham,WR,Ravens,0.0,0.0,2024-11-29 19:13:43
WR,Keith Kirkwood (36784627),Keith Kirkwood,36784627,WR/FLEX,3000,PHI@BAL 12/01/2024 04:25PM ET,BAL,0.0,Keith Kirkwood,WR,Ravens,0.0,0.0,2024-11-29 19:13:43
WR,Johnny Wilson (36784629),Johnny Wilson,36784629,WR/FLEX,3000,PHI@BAL 12/01/2024 04:25PM ET,PHI,0.86,Johnny Wilson,WR,Eagles,0.95,0.0,2024-11-29 19:13:43
WR,Ainias Smith (36784631),Ainias Smith,36784631,WR/FLEX,3000,PHI@BAL 12/01/2024 04:25PM ET,PHI,0.76,Ainias Smith,WR,Eagles,0.0,0.0,2024-11-29 19:13:43
WR,Britain Covey (36784633),Britain Covey,36784633,WR/FLEX,3000,PHI@BAL 12/01/2024 04:25PM ET,PHI,2.6,Britain Covey,WR,Eagles,0.0,0.0,2024-11-29 19:13:43
WR,Parris Campbell (36784635),Parris Campbell,36784635,WR/FLEX,3000,PHI@BAL 12/01/2024 04:25PM ET,PHI,3.75,Parris Campbell,WR,Eagles,0.0,0.0,2024-11-29 19:13:43
WR,Danny Gray (36784637),Danny Gray,36784637,WR/FLEX,3000,PHI@BAL 12/01/2024 04:25PM ET,PHI,0.0,Danny Gray,WR,Eagles,0.0,0.0,2024-11-29 19:13:43
WR,Marcus Rosemy-Jacksaint (36784639),Marcus Rosemy-Jacksaint,36784639,WR/FLEX,3000,PHI@BAL 12/01/2024 04:25PM ET,PHI,0.0,Marcus Rosemy-Jacksaint,WR,Eagles,0.0,0.0,2024-11-29 19:13:43
TE,Darnell Washington (36784885),Darnell Washington,36784885,TE/FLEX,2900,PIT@CIN 12/01/2024 01:00PM ET,PIT,3.74,Darnell Washington,TE,Steelers,3.42,0.5,2024-11-29 19:13:43
TE,Colby Parkinson (36784883),Colby Parkinson,36784883,TE/FLEX,2900,LAR@NO 12/01/2024 04:05PM ET,LAR,5.03,Colby Parkinson,TE,Rams,3.83,0.1,2024-11-29 19:13:43
DST,Ravens  (36785062),Ravens ,36785062,DST,2900,PHI@BAL 12/01/2024 04:25PM ET,BAL,5.42,Baltimore Ravens,DST,Ravens,6.22,2.5,2024-11-29 19:13:43
DST,Bengals  (36785063),Bengals ,36785063,DST,2800,PIT@CIN 12/01/2024 01:00PM ET,CIN,3.64,Cincinnati Bengals,DST,Bengals,5.43,4.7,2024-11-29 19:13:43
TE,Josh Oliver (36784889),Josh Oliver,36784889,TE/FLEX,2800,ARI@MIN 12/01/2024 01:00PM ET,MIN,5.86,Josh Oliver,TE,Vikings,4.74,0.0,2024-11-29 19:13:43
DST,Colts  (36785064),Colts ,36785064,DST,2800,IND@NE 12/01/2024 01:00PM ET,IND,6.0,Indianapolis Colts,DST,Colts,6.75,14.0,2024-11-29 19:13:43
TE,Tommy Tremble (36784887),Tommy Tremble,36784887,TE/FLEX,2800,TB@CAR 12/01/2024 04:05PM ET,CAR,2.78,Tommy Tremble,TE,Panthers,3.78,1.8,2024-11-29 19:13:43
DST,Falcons  (36785066),Falcons ,36785066,DST,2700,LAC@ATL 12/01/2024 01:00PM ET,ATL,3.54,Atlanta Falcons,DST,Falcons,2.28,2.2,2024-11-29 19:13:43
TE,Tanner Hudson (36784891),Tanner Hudson,36784891,TE/FLEX,2700,PIT@CIN 12/01/2024 01:00PM ET,CIN,3.69,Tanner Hudson,TE,Bengals,2.74,0.0,2024-11-29 19:13:43
TE,Davis Allen (36784893),Davis Allen,36784893,TE/FLEX,2700,LAR@NO 12/01/2024 04:05PM ET,LAR,1.1,Davis Allen,TE,Rams,3.21,0.4,2024-11-29 19:13:43
DST,Rams  (36785065),Rams ,36785065,DST,2700,LAR@NO 12/01/2024 04:05PM ET,LAR,7.0,Los Angeles Rams,DST,Rams,4.09,3.1,2024-11-29 19:13:43
TE,Drew Sample (36784897),Drew Sample,36784897,TE/FLEX,2600,PIT@CIN 12/01/2024 01:00PM ET,CIN,1.79,Drew Sample,TE,Bengals,1.25,0.1,2024-11-29 19:13:43
TE,Jeremy Ruckert (36784895),Jeremy Ruckert,36784895,TE/FLEX,2600,SEA@NYJ 12/01/2024 01:00PM ET,NYJ,1.84,Jeremy Ruckert,TE,Jets,2.14,0.1,2024-11-29 19:13:43
DST,Saints  (36785067),Saints ,36785067,DST,2600,LAR@NO 12/01/2024 04:05PM ET,NO,6.54,New Orleans Saints,DST,Saints,4.8,2.9,2024-11-29 19:13:43
TE,Grant Calcaterra (36784899),Grant Calcaterra,36784899,TE/FLEX,2600,PHI@BAL 12/01/2024 04:25PM ET,PHI,3.51,Grant Calcaterra,TE,Eagles,0.0,0.1,2024-11-29 19:13:43
DST,Eagles  (36785068),Eagles ,36785068,DST,2600,PHI@BAL 12/01/2024 04:25PM ET,PHI,7.82,Philadelphia Eagles,DST,Eagles,2.93,3.2,2024-11-29 19:13:43
TE,Hayden Hurst (36785041),Hayden Hurst,36785041,TE/FLEX,2500,LAC@ATL 12/01/2024 01:00PM ET,LAC,1.93,Hayden Hurst,TE,Chargers,0.0,0.0,2024-11-29 19:13:43
TE,Tucker Fisk (36785043),Tucker Fisk,36785043,TE/FLEX,2500,LAC@ATL 12/01/2024 01:00PM ET,LAC,1.1,Tucker Fisk,TE,Chargers,1.84,0.0,2024-11-29 19:13:43
TE,Stone Smartt (36785045),Stone Smartt,36785045,TE/FLEX,2500,LAC@ATL 12/01/2024 01:00PM ET,LAC,0.68,Stone Smartt,TE,Chargers,0.0,0.0,2024-11-29 19:13:43
TE,Eric Tomlinson (36785047),Eric Tomlinson,36785047,TE/FLEX,2500,LAC@ATL 12/01/2024 01:00PM ET,LAC,0.36,Eric Tomlinson,TE,Chargers,0.0,0.0,2024-11-29 19:13:43
TE,Charlie Woerner (36785049),Charlie Woerner,36785049,TE/FLEX,2500,LAC@ATL 12/01/2024 01:00PM ET,ATL,0.37,Charlie Woerner,TE,Falcons,0.0,0.0,2024-11-29 19:13:43
TE,Ross Dwelley (36785051),Ross Dwelley,36785051,TE/FLEX,2500,LAC@ATL 12/01/2024 01:00PM ET,ATL,0.14,Ross Dwelley,TE,Falcons,0.0,0.0,2024-11-29 19:13:43
TE,Armani Rogers (36785053),Armani Rogers,36785053,TE/FLEX,2500,LAC@ATL 12/01/2024 01:00PM ET,ATL,0.0,Armani Rogers,TE,Falcons,0.0,0.0,2024-11-29 19:13:43
TE,Connor Heyward (36785027),Connor Heyward,36785027,TE/FLEX,2500,PIT@CIN 12/01/2024 01:00PM ET,PIT,1.17,Connor Heyward,TE,Steelers,0.0,0.0,2024-11-29 19:13:43
TE,MyCole Pruitt (36785029),MyCole Pruitt,36785029,TE/FLEX,2500,PIT@CIN 12/01/2024 01:00PM ET,PIT,0.65,MyCole Pruitt,TE,Steelers,0.0,0.0,2024-11-29 19:13:43
TE,Matt Sokol (36785031),Matt Sokol,36785031,TE/FLEX,2500,PIT@CIN 12/01/2024 01:00PM ET,PIT,0.0,Matt Sokol,TE,Steelers,0.0,0.0,2024-11-29 19:13:43
TE,Tanner McLachlan (36785033),Tanner McLachlan,36785033,TE/FLEX,2500,PIT@CIN 12/01/2024 01:00PM ET,CIN,0.0,Tanner McLachlan,TE,Bengals,0.0,0.0,2024-11-29 19:13:43
TE,Cam Grandy (36785035),Cam Grandy,36785035,TE/FLEX,2500,PIT@CIN 12/01/2024 01:00PM ET,CIN,0.5,Cam Grandy,TE,Bengals,0.0,0.0,2024-11-29 19:13:43
TE,Erick All Jr. (36785037),Erick All Jr.,36785037,TE/FLEX,2500,PIT@CIN 12/01/2024 01:00PM ET,CIN,3.98,Erick All Jr.,TE,Bengals,0.0,0.0,2024-11-29 19:13:43
TE,Cal Adomitis (36785039),Cal Adomitis,36785039,TE/FLEX,2500,PIT@CIN 12/01/2024 01:00PM ET,CIN,0.0,Cal Adomitis,TE,Bengals,0.0,0.0,2024-11-29 19:13:43
TE,Brenton Strange (36784901),Brenton Strange,36784901,TE/FLEX,2500,HOU@JAX 12/01/2024 01:00PM ET,JAX,5.01,Brenton Strange,TE,Jaguars,3.06,0.3,2024-11-29 19:13:43
TE,Luke Farrell (36785009),Luke Farrell,36785009,TE/FLEX,2500,HOU@JAX 12/01/2024 01:00PM ET,JAX,1.32,Luke Farrell,TE,Jaguars,1.12,0.1,2024-11-29 19:13:43
TE,Josiah Deguara (36785011),Josiah Deguara,36785011,TE/FLEX,2500,HOU@JAX 12/01/2024 01:00PM ET,JAX,0.33,Josiah Deguara,TE,Jaguars,0.0,0.0,2024-11-29 19:13:43
TE,Patrick Murtagh (36785013),Patrick Murtagh,36785013,TE/FLEX,2500,HOU@JAX 12/01/2024 01:00PM ET,JAX,0.0,Patrick Murtagh,TE,Jaguars,0.0,0.0,2024-11-29 19:13:43
TE,Shawn Bowman (36785015),Shawn Bowman,36785015,TE/FLEX,2500,HOU@JAX 12/01/2024 01:00PM ET,JAX,0.0,Shawn Bowman,TE,Jaguars,0.0,0.0,2024-11-29 19:13:43
TE,Cade Stover (36785017),Cade Stover,36785017,TE/FLEX,2500,HOU@JAX 12/01/2024 01:00PM ET,HOU,2.65,Cade Stover,TE,Texans,3.04,0.2,2024-11-29 19:13:43
TE,Teagan Quitoriano (36785019),Teagan Quitoriano,36785019,TE/FLEX,2500,HOU@JAX 12/01/2024 01:00PM ET,HOU,0.0,Teagan Quitoriano,TE,Texans,0.0,0.0,2024-11-29 19:13:43
TE,Brevin Jordan (36785021),Brevin Jordan,36785021,TE/FLEX,2500,HOU@JAX 12/01/2024 01:00PM ET,HOU,1.35,Brevin Jordan,TE,Texans,0.0,0.0,2024-11-29 19:13:43
TE,Dalton Keene (36785023),Dalton Keene,36785023,TE/FLEX,2500,HOU@JAX 12/01/2024 01:00PM ET,HOU,0.0,Dalton Keene,TE,Texans,0.0,0.0,2024-11-29 19:13:43
TE,Irv Smith Jr. (36785025),Irv Smith Jr.,36785025,TE/FLEX,2500,HOU@JAX 12/01/2024 01:00PM ET,HOU,0.0,Irv Smith,TE,Texans,0.0,0.0,2024-11-29 19:13:43
TE,Elijah Higgins (36784903),Elijah Higgins,36784903,TE/FLEX,2500,ARI@MIN 12/01/2024 01:00PM ET,ARI,3.56,Elijah Higgins,TE,Cardinals,2.78,0.2,2024-11-29 19:13:43
TE,Tip Reiman (36784993),Tip Reiman,36784993,TE/FLEX,2500,ARI@MIN 12/01/2024 01:00PM ET,ARI,0.24,Tip Reiman,TE,Cardinals,0.0,0.0,2024-11-29 19:13:43
TE,Travis Vokolek (36784995),Travis Vokolek,36784995,TE/FLEX,2500,ARI@MIN 12/01/2024 01:00PM ET,ARI,0.0,Travis Vokolek,TE,Cardinals,0.0,0.0,2024-11-29 19:13:43
TE,Bernhard Seikovits (36784997),Bernhard Seikovits,36784997,TE/FLEX,2500,ARI@MIN 12/01/2024 01:00PM ET,ARI,0.0,Bernhard Seikovits,TE,Cardinals,0.0,0.0,2024-11-29 19:13:43
TE,Johnny Mundt (36784999),Johnny Mundt,36784999,TE/FLEX,2500,ARI@MIN 12/01/2024 01:00PM ET,MIN,3.03,Johnny Mundt,TE,Vikings,0.0,0.0,2024-11-29 19:13:43
TE,Nick Muse (36785001),Nick Muse,36785001,TE/FLEX,2500,ARI@MIN 12/01/2024 01:00PM ET,MIN,0.0,Nick Muse,TE,Vikings,0.0,0.0,2024-11-29 19:13:43
TE,Andrew DePaola (36785003),Andrew DePaola,36785003,TE/FLEX,2500,ARI@MIN 12/01/2024 01:00PM ET,MIN,0.0,Andrew DePaola,TE,Vikings,0.0,0.0,2024-11-29 19:13:43
TE,Robert Tonyan (36785005),Robert Tonyan,36785005,TE/FLEX,2500,ARI@MIN 12/01/2024 01:00PM ET,MIN,0.0,Robert Tonyan,TE,Vikings,0.0,0.0,2024-11-29 19:13:43
TE,Sammis Reyes (36785007),Sammis Reyes,36785007,TE/FLEX,2500,ARI@MIN 12/01/2024 01:00PM ET,MIN,0.0,Sammis Reyes,TE,Vikings,0.0,0.0,2024-11-29 19:13:43
TE,Jaheim Bell (36784975),Jaheim Bell,36784975,TE/FLEX,2500,IND@NE 12/01/2024 01:00PM ET,NE,0.11,Jaheim Bell,TE,Patriots,0.0,0.0,2024-11-29 19:13:43
TE,Jack Westover (36784977),Jack Westover,36784977,TE/FLEX,2500,IND@NE 12/01/2024 01:00PM ET,NE,0.0,Jack Westover,TE,Patriots,0.0,0.0,2024-11-29 19:13:43
TE,Mitchell Wilcox (36784979),Mitchell Wilcox,36784979,TE/FLEX,2500,IND@NE 12/01/2024 01:00PM ET,NE,0.0,Mitchell Wilcox,TE,Patriots,0.0,0.0,2024-11-29 19:13:43
TE,Mo Alie-Cox (36784981),Mo Alie-Cox,36784981,TE/FLEX,2500,IND@NE 12/01/2024 01:00PM ET,IND,2.22,Mo Alie-Cox,TE,Colts,2.74,0.0,2024-11-29 19:13:43
TE,Kylen Granson (36784983),Kylen Granson,36784983,TE/FLEX,2500,IND@NE 12/01/2024 01:00PM ET,IND,1.37,Kylen Granson,TE,Colts,2.95,0.0,2024-11-29 19:13:43
TE,Drew Ogletree (36784985),Drew Ogletree,36784985,TE/FLEX,2500,IND@NE 12/01/2024 01:00PM ET,IND,1.63,Drew Ogletree,TE,Colts,1.7,0.0,2024-11-29 19:13:43
TE,Will Mallory (36784987),Will Mallory,36784987,TE/FLEX,2500,IND@NE 12/01/2024 01:00PM ET,IND,0.74,Will Mallory,TE,Colts,0.0,0.0,2024-11-29 19:13:43
TE,Jelani Woods (36784989),Jelani Woods,36784989,TE/FLEX,2500,IND@NE 12/01/2024 01:00PM ET,IND,0.0,Jelani Woods,TE,Colts,0.0,0.0,2024-11-29 19:13:43
TE,Sean McKeon (36784991),Sean McKeon,36784991,TE/FLEX,2500,IND@NE 12/01/2024 01:00PM ET,IND,0.0,Sean McKeon,TE,Colts,0.0,0.0,2024-11-29 19:13:43
DST,Patriots  (36785069),Patriots ,36785069,DST,2500,IND@NE 12/01/2024 01:00PM ET,NE,4.92,New England Patriots,DST,Patriots,5.9,5.7,2024-11-29 19:13:43
TE,Pharaoh Brown (36784961),Pharaoh Brown,36784961,TE/FLEX,2500,SEA@NYJ 12/01/2024 01:00PM ET,SEA,0.98,Pharaoh Brown,TE,Seahawks,0.0,0.0,2024-11-29 19:13:43
TE,Brady Russell (36784963),Brady Russell,36784963,TE/FLEX,2500,SEA@NYJ 12/01/2024 01:00PM ET,SEA,0.0,Brady Russell,TE,Seahawks,0.0,0.0,2024-11-29 19:13:43
TE,Tyler Mabry (36784965),Tyler Mabry,36784965,TE/FLEX,2500,SEA@NYJ 12/01/2024 01:00PM ET,SEA,0.0,Tyler Mabry,TE,Seahawks,0.0,0.0,2024-11-29 19:13:43
TE,N'Keal Harry (36784967),N'Keal Harry,36784967,TE/FLEX,2500,SEA@NYJ 12/01/2024 01:00PM ET,SEA,0.0,N'Keal Harry,TE,Seahawks,0.0,0.0,2024-11-29 19:13:43
TE,Kenny Yeboah (36784969),Kenny Yeboah,36784969,TE/FLEX,2500,SEA@NYJ 12/01/2024 01:00PM ET,NYJ,3.9,Kenny Yeboah,TE,Jets,0.0,0.0,2024-11-29 19:13:43
TE,Brenden Bates (36784971),Brenden Bates,36784971,TE/FLEX,2500,SEA@NYJ 12/01/2024 01:00PM ET,NYJ,0.0,Brenden Bates,TE,Jets,0.0,0.0,2024-11-29 19:13:43
TE,Zack Kuntz (36784973),Zack Kuntz,36784973,TE/FLEX,2500,SEA@NYJ 12/01/2024 01:00PM ET,NYJ,0.0,Zack Kuntz,TE,Jets,0.0,0.0,2024-11-29 19:13:43
DST,Jets  (36785070),Jets ,36785070,DST,2500,SEA@NYJ 12/01/2024 01:00PM ET,NYJ,5.64,New York Jets,DST,Jets,10.2,9.6,2024-11-29 19:13:43
TE,John Bates (36784943),John Bates,36784943,TE/FLEX,2500,TEN@WAS 12/01/2024 01:00PM ET,WAS,0.95,John Bates,TE,Commanders,1.29,0.0,2024-11-29 19:13:43
TE,Ben Sinnott (36784945),Ben Sinnott,36784945,TE/FLEX,2500,TEN@WAS 12/01/2024 01:00PM ET,WAS,0.9,Ben Sinnott,TE,Commanders,0.0,0.0,2024-11-29 19:13:43
TE,Colson Yankoff (36784947),Colson Yankoff,36784947,TE/FLEX,2500,TEN@WAS 12/01/2024 01:00PM ET,WAS,0.0,Colson Yankoff,TE,Commanders,0.0,0.0,2024-11-29 19:13:43
TE,Tyler Ott (36784949),Tyler Ott,36784949,TE/FLEX,2500,TEN@WAS 12/01/2024 01:00PM ET,WAS,0.0,Tyler Ott,TE,Commanders,0.0,0.0,2024-11-29 19:13:43
TE,Cole Turner (36784951),Cole Turner,36784951,TE/FLEX,2500,TEN@WAS 12/01/2024 01:00PM ET,WAS,0.0,Cole Turner,TE,Commanders,0.0,0.0,2024-11-29 19:13:43
TE,Nick Vannett (36784953),Nick Vannett,36784953,TE/FLEX,2500,TEN@WAS 12/01/2024 01:00PM ET,TEN,2.86,Nick Vannett,TE,Titans,1.71,0.0,2024-11-29 19:13:43
TE,Josh Whyle (36784955),Josh Whyle,36784955,TE/FLEX,2500,TEN@WAS 12/01/2024 01:00PM ET,TEN,2.71,Josh Whyle,TE,Titans,2.08,0.2,2024-11-29 19:13:43
TE,David Martin-Robinson (36784957),David Martin-Robinson,36784957,TE/FLEX,2500,TEN@WAS 12/01/2024 01:00PM ET,TEN,0.0,David Martin-Robinson,TE,Titans,0.0,0.0,2024-11-29 19:13:43
TE,Thomas Odukoya (36784959),Thomas Odukoya,36784959,TE/FLEX,2500,TEN@WAS 12/01/2024 01:00PM ET,TEN,0.0,Thomas Odukoya,TE,Titans,0.0,0.0,2024-11-29 19:13:43
TE,Feleipe Franks (36784925),Feleipe Franks,36784925,TE/FLEX,2500,TB@CAR 12/01/2024 04:05PM ET,CAR,0.0,Feleipe Franks,TE,Panthers,3.15,0.0,2024-11-29 19:13:43
TE,Ian Thomas (36784927),Ian Thomas,36784927,TE/FLEX,2500,TB@CAR 12/01/2024 04:05PM ET,CAR,0.74,Ian Thomas,TE,Panthers,0.0,0.0,2024-11-29 19:13:43
TE,Jordan Matthews (36784929),Jordan Matthews,36784929,TE/FLEX,2500,TB@CAR 12/01/2024 04:05PM ET,CAR,0.0,Jordan Matthews,TE,Panthers,0.0,0.0,2024-11-29 19:13:43
TE,Stephen Sullivan (36784931),Stephen Sullivan,36784931,TE/FLEX,2500,TB@CAR 12/01/2024 04:05PM ET,CAR,0.0,Stephen Sullivan,TE,Panthers,0.0,0.0,2024-11-29 19:13:43
TE,Payne Durham (36784933),Payne Durham,36784933,TE/FLEX,2500,TB@CAR 12/01/2024 04:05PM ET,TB,0.54,Payne Durham,TE,Buccaneers,0.0,0.0,2024-11-29 19:13:43
TE,Ko Kieft (36784935),Ko Kieft,36784935,TE/FLEX,2500,TB@CAR 12/01/2024 04:05PM ET,TB,0.0,Ko Kieft,TE,Buccaneers,0.0,0.0,2024-11-29 19:13:43
TE,Devin Culp (36784937),Devin Culp,36784937,TE/FLEX,2500,TB@CAR 12/01/2024 04:05PM ET,TB,0.0,Devin Culp,TE,Buccaneers,0.0,0.0,2024-11-29 19:13:43
TE,Evan Deckers (36784939),Evan Deckers,36784939,TE/FLEX,2500,TB@CAR 12/01/2024 04:05PM ET,TB,0.0,Evan Deckers,TE,Buccaneers,0.0,0.0,2024-11-29 19:13:43
TE,Tanner Taula (36784941),Tanner Taula,36784941,TE/FLEX,2500,TB@CAR 12/01/2024 04:05PM ET,TB,0.0,Tanner Taula,TE,Buccaneers,0.0,0.0,2024-11-29 19:13:43
TE,Dallin Holker (36784913),Dallin Holker,36784913,TE/FLEX,2500,LAR@NO 12/01/2024 04:05PM ET,NO,0.0,Dallin Holker,TE,Saints,0.0,0.0,2024-11-29 19:13:43
TE,Michael Jacobson (36784915),Michael Jacobson,36784915,TE/FLEX,2500,LAR@NO 12/01/2024 04:05PM ET,NO,0.0,Michael Jacobson,TE,Saints,0.0,0.0,2024-11-29 19:13:43
TE,Treyton Welch (36784917),Treyton Welch,36784917,TE/FLEX,2500,LAR@NO 12/01/2024 04:05PM ET,NO,0.0,Treyton Welch,TE,Saints,0.0,0.0,2024-11-29 19:13:43
TE,Zach Wood (36784919),Zach Wood,36784919,TE/FLEX,2500,LAR@NO 12/01/2024 04:05PM ET,NO,0.0,Zach Wood,TE,Saints,0.0,0.0,2024-11-29 19:13:43
TE,Hunter Long (36784921),Hunter Long,36784921,TE/FLEX,2500,LAR@NO 12/01/2024 04:05PM ET,LAR,0.84,Hunter Long,TE,Rams,0.0,0.0,2024-11-29 19:13:43
TE,Nikola Kalinic (36784923),Nikola Kalinic,36784923,TE/FLEX,2500,LAR@NO 12/01/2024 04:05PM ET,LAR,0.0,Nikola Kalinic,TE,Rams,0.0,0.0,2024-11-29 19:13:43
TE,Charlie Kolar (36784905),Charlie Kolar,36784905,TE/FLEX,2500,PHI@BAL 12/01/2024 04:25PM ET,BAL,2.36,Charlie Kolar,TE,Ravens,0.0,0.0,2024-11-29 19:13:43
TE,Zaire Mitchell-Paden (36784907),Zaire Mitchell-Paden,36784907,TE/FLEX,2500,PHI@BAL 12/01/2024 04:25PM ET,BAL,0.0,Zaire Mitchell-Paden,TE,Ravens,0.0,0.0,2024-11-29 19:13:43
TE,C.J. Uzomah (36784909),C.J. Uzomah,36784909,TE/FLEX,2500,PHI@BAL 12/01/2024 04:25PM ET,PHI,0.0,C.J. Uzomah,TE,Eagles,0.0,0.0,2024-11-29 19:13:43
TE,E.J. Jenkins (36784911),E.J. Jenkins,36784911,TE/FLEX,2500,PHI@BAL 12/01/2024 04:25PM ET,PHI,0.0,E.J. Jenkins,TE,Eagles,0.0,0.0,2024-11-29 19:13:43
DST,Cardinals  (36785071),Cardinals ,36785071,DST,2400,ARI@MIN 12/01/2024 01:00PM ET,ARI,7.09,Arizona Cardinals,DST,Cardinals,6.97,12.5,2024-11-29 19:13:43
DST,Titans  (36785072),Titans ,36785072,DST,2400,TEN@WAS 12/01/2024 01:00PM ET,TEN,4.36,Tennessee Titans,DST,Titans,4.53,4.9,2024-11-29 19:13:43
DST,Jaguars  (36785074),Jaguars ,36785074,DST,2300,HOU@JAX 12/01/2024 01:00PM ET,JAX,4.09,Jacksonville Jaguars,DST,Jaguars,5.41,8.9,2024-11-29 19:13:43
DST,Panthers  (36785073),Panthers ,36785073,DST,2300,TB@CAR 12/01/2024 04:05PM ET,CAR,2.18,Carolina Panthers,DST,Panthers,3.9,3.0,2024-11-29 19:13:43
